state,label,n,state_n,pct,p05,p50,p95,dated_n,s_p05,s_p50,s_p95,outlier_flags,status_details,cleaning_action
AK,ACTIVE / GOOD_STANDING / Good Standing,111826,163869,68.241,1995.0,2020.0,2026.0,111822.0,1997,2019,2026,,Good Standing,
AK,INACTIVE / NOT_GOOD_STANDING / Non-Compliant,42642,163869,26.022,2002.0,2019.0,2024.0,42642.0,1997,2019,2026,,Non-Compliant,
AK,ACTIVE / (none) / Active Name,9401,163869,5.737,2015.0,2021.0,2026.0,9400.0,1997,2019,2026,,Active Name,
AL,ACTIVE / (none) / (none),1529150,2169592,70.481,1967.0,2011.0,2025.0,1528691.0,1959,2007,2024,,(none),
AL,INACTIVE / DISSOLVED / Dissolved,470516,2169592,21.687,1949.0,2000.0,2020.0,470438.0,1959,2007,2024,,Dissolved,
AL,INACTIVE / (none) / Withdrawn,97455,2169592,4.492,1944.0,1989.0,2015.0,97342.0,1959,2007,2024,,Withdrawn,
AL,INACTIVE / (none) / Merged,36564,2169592,1.685,1947.0,1982.0,2011.0,36522.0,1959,2007,2024,,Merged,
AL,INACTIVE / (none) / Revoked,19696,2169592,0.908,1967.0,1985.0,1994.0,19696.0,1959,2007,2024,RETIRED: 95% of filings before 1994 (state median 2007),Revoked,
AL,INACTIVE / (none) / Cancelled,15748,2169592,0.726,1985.0,2001.0,2011.0,15748.0,1959,2007,2024,,Cancelled,
AL,INACTIVE / (none) / Consolidated,463,2169592,0.021,1900.0,1946.0,1988.0,459.0,1959,2007,2024,RETIRED: 95% of filings before 1988 (state median 2007),Consolidated,
AR,ACTIVE / GOOD_STANDING / Good Standing,225237,779974,28.878,1991.0,2020.0,2026.0,225237.0,1983,2013,2025,,Good Standing,
AR,UNKNOWN / (none) / (none),190753,779974,24.456,1981.0,2003.0,2018.0,190753.0,1983,2013,2025,,(none),
AR,INACTIVE / DISSOLVED / Dissolved,115486,779974,14.806,1980.0,2007.0,2022.0,115486.0,1983,2013,2025,,Dissolved,
AR,INACTIVE / (none) / Revoked,93736,779974,12.018,2007.0,2021.0,2024.0,93736.0,1983,2013,2025,,Revoked,
AR,INACTIVE / (none) / Not Current,75574,779974,9.689,1998.0,2022.0,2025.0,75574.0,1983,2013,2025,,Not Current,
AR,INACTIVE / DISSOLVED / Statutorily Dissolved,33083,779974,4.242,1971.0,1996.0,2015.0,33083.0,1983,2013,2025,,Statutorily Dissolved,
AR,INACTIVE / (none) / Withdrawn,25595,779974,3.282,1980.0,2004.0,2021.0,25595.0,1983,2013,2025,,Withdrawn,
AR,INACTIVE / (none) / Merged,10024,779974,1.285,1968.0,1995.0,2016.0,10024.0,1983,2013,2025,,Merged,
AR,INACTIVE / (none) / Converted,5310,779974,0.681,1984.0,2009.0,2022.0,5310.0,1983,2013,2025,,Converted,
AR,INACTIVE / DISSOLVED / Administratively Dissolved,3175,779974,0.407,1970.0,1984.0,2001.0,3175.0,1983,2013,2025,RETIRED: 95% of filings before 2001 (state median 2013),Administratively Dissolved,
AR,ACTIVE / PENDING_ACTIVE / Pending,722,779974,0.093,1998.0,2019.0,2024.0,722.0,1983,2013,2025,,Pending,
AR,INACTIVE / (none) / Administratively Withdrawn,471,779974,0.06,1967.0,1984.0,1996.0,471.0,1983,2013,2025,RETIRED: 95% of filings before 1996 (state median 2013),Administratively Withdrawn,
AR,INACTIVE / (none) / Cancelled,383,779974,0.049,1987.0,1987.0,2004.0,383.0,1983,2013,2025,,Cancelled,
AR,INACTIVE / (none) / (none),175,779974,0.022,2021.0,2022.0,2023.0,175.0,1983,2013,2025,,(none),AR legacy rows not refreshed since Mar-2023 (superseded mapping): sub_status and status_details cleared
AR,ACTIVE / (none) / Transferred,107,779974,0.014,1981.0,2005.0,2021.0,107.0,1983,2013,2025,,Transferred,
AR,INACTIVE / (none) / Expired,66,779974,0.008,1964.0,1981.0,2014.0,66.0,1983,2013,2025,RARE: <0.01% of state,Expired,
AR,INACTIVE / DISSOLVED / Judicially Dissolved,51,779974,0.007,1979.0,2005.0,2018.0,51.0,1983,2013,2025,RARE: <0.01% of state,Judicially Dissolved,
AR,INACTIVE / (none) / Consolidated,16,779974,0.002,1924.0,2004.0,2008.0,16.0,1983,2013,2025,RARE: <0.01% of state,Consolidated,
AR,INACTIVE / (none) / Used,9,779974,0.001,1974.0,1984.0,1988.0,9.0,1983,2013,2025,RARE: <0.01% of state,Used,
AR,ACTIVE / (none) / (none),1,779974,0.0,2015.0,2015.0,2015.0,1.0,1983,2013,2025,RARE: <0.01% of state,(none),
AZ,ACTIVE / (none) / Active,1687889,2607919,64.722,2001.0,2019.0,2026.0,1687460.0,1986,2015,2025,,Active,
AZ,INACTIVE / (none) / Inactive,896149,2607919,34.363,1980.0,2003.0,2022.0,788162.0,1986,2015,2025,,Inactive,
AZ,ACTIVE / PENDING_INACTIVE / Pending Inactive,16700,2607919,0.64,1991.0,2019.0,2026.0,16691.0,1986,2015,2025,,Pending Inactive,
AZ,INACTIVE / PENDING_ACTIVE / Pending Active,6923,2607919,0.265,2018.0,2021.0,2026.0,335.0,1986,2015,2025,,Pending Active,status UNKNOWN->INACTIVE (pending activation)
AZ,INACTIVE / (none) / (none),258,2607919,0.01,1900.0,2019.0,2023.0,256.0,1986,2015,2025,,(none),
CA,ACTIVE / GOOD_STANDING / Active,3806976,9366323,40.645,1992.0,2022.0,2026.0,3806976.0,1970,2013,2025,,Active,
CA,INACTIVE / (none) / Terminated,2633102,9366323,28.112,1971.0,2008.0,2023.0,2633102.0,1970,2013,2025,,Terminated,
CA,INACTIVE / (none) / Suspended - FTB,1796992,9366323,19.186,1930.0,2001.0,2020.0,1796992.0,1970,2013,2025,,Suspended - FTB,
CA,INACTIVE / (none) / Suspended - FTB/SOS,529945,9366323,5.658,1982.0,2006.0,2018.0,529945.0,1970,2013,2025,,Suspended - FTB/SOS,
CA,INACTIVE / (none) / Forfeited - FTB,158981,9366323,1.697,1930.0,2004.0,2020.0,158981.0,1970,2013,2025,,Forfeited - FTB,
CA,INACTIVE / (none) / Merged Out,94690,9366323,1.011,1951.0,1985.0,2013.0,94690.0,1970,2013,2025,,Merged Out,
CA,INACTIVE / (none) / Terminated - FTB Admin,79178,9366323,0.845,1961.0,1993.0,2010.0,79178.0,1970,2013,2025,,Terminated - FTB Admin,
CA,INACTIVE / (none) / Forfeited - FTB/SOS,70994,9366323,0.758,1983.0,2002.0,2017.0,70994.0,1970,2013,2025,,Forfeited - FTB/SOS,
CA,ACTIVE / NOT_GOOD_STANDING / Active,50220,9366323,0.536,1986.0,2021.0,2024.0,50220.0,1970,2013,2025,,Active,
CA,INACTIVE / (none) / Converted Out,47608,9366323,0.508,1990.0,2011.0,2021.0,47608.0,1970,2013,2025,,Converted Out,
CA,ACTIVE / PENDING_INACTIVE / Active - Pending Termination,42280,9366323,0.451,1987.0,2021.0,2025.0,42280.0,1970,2013,2025,,Active - Pending Termination,
CA,INACTIVE / (none) / Suspended - SOS,25982,9366323,0.277,1973.0,2007.0,2019.0,25982.0,1970,2013,2025,,Suspended - SOS,
CA,INACTIVE / (none) / Terminated - SOS Admin,17905,9366323,0.191,1986.0,2010.0,2026.0,17905.0,1970,2013,2025,,Terminated - SOS Admin,
CA,INACTIVE / (none) / Forfeited - SOS,6802,9366323,0.073,1981.0,2009.0,2018.0,6802.0,1970,2013,2025,,Forfeited - SOS,
CA,INACTIVE / (none) / Terminated - Term Expired,3798,9366323,0.041,1874.0,1895.0,1925.0,3798.0,1970,2013,2025,RETIRED: 95% of filings before 1925 (state median 2013),Terminated - Term Expired,
CA,INACTIVE / (none) / Inactive,673,9366323,0.007,1893.0,1949.0,2017.0,673.0,1970,2013,2025,RARE: <0.01% of state,Inactive,
CA,INACTIVE / (none) / Suspended - FTB/SOS/VCFCF,82,9366323,0.001,1991.0,2004.0,2014.0,82.0,1970,2013,2025,RARE: <0.01% of state,Suspended - FTB/SOS/VCFCF,
CA,ACTIVE / (none) / ACTIVE,79,9366323,0.001,2018.0,2021.0,2021.0,79.0,1970,2013,2025,RARE: <0.01% of state,ACTIVE,
CA,ACTIVE / PENDING_ACTIVE / Active - Pending Future Effective Date,9,9366323,0.0,2009.0,2026.0,2026.0,9.0,1970,2013,2025,RARE: <0.01% of state,Active - Pending Future Effective Date,
CA,INACTIVE / (none) / Forfeited - FTB/SOS/VCFCF,6,9366323,0.0,2001.0,2005.0,2017.0,6.0,1970,2013,2025,RARE: <0.01% of state,Forfeited - FTB/SOS/VCFCF,
CA,INACTIVE / (none) / Suspended - VCFCF,6,9366323,0.0,1990.0,2003.0,2012.0,6.0,1970,2013,2025,RARE: <0.01% of state,Suspended - VCFCF,
CA,ACTIVE / (none) / Active,5,9366323,0.0,2023.0,2024.0,2025.0,5.0,1970,2013,2025,RARE: <0.01% of state,Active,
CA,ACTIVE / PENDING_ACTIVE / Active - Pending Future File Date,3,9366323,0.0,2024.0,2025.0,2025.0,3.0,1970,2013,2025,RARE: <0.01% of state,Active - Pending Future File Date,
CA,ACTIVE / PENDING_INACTIVE / Active - Pending Merger,2,9366323,0.0,1997.0,1997.0,2018.0,2.0,1970,2013,2025,RARE: <0.01% of state,Active - Pending Merger,
CA,INACTIVE / (none) / Forfeited - VCFCF,2,9366323,0.0,2003.0,2003.0,2022.0,2.0,1970,2013,2025,RARE: <0.01% of state,Forfeited - VCFCF,
CA,UNKNOWN / (none) / Terminated - Court Order,2,9366323,0.0,1998.0,1998.0,2006.0,2.0,1970,2013,2025,RARE: <0.01% of state,Terminated - Court Order,
CA,INACTIVE / (none) / FTB FORFEITED,1,9366323,0.0,2010.0,2010.0,2010.0,1.0,1970,2013,2025,RARE: <0.01% of state,FTB FORFEITED,
CO,ACTIVE / NOT_GOOD_STANDING / Delinquent,1142080,3123234,36.567,2000.0,2015.0,2024.0,1142080.0,1995,2016,2026,,Delinquent,
CO,ACTIVE / GOOD_STANDING / Good Standing,1043041,3123234,33.396,1999.0,2021.0,2026.0,1043041.0,1995,2016,2026,,Good Standing,
CO,INACTIVE / DISSOLVED / Voluntarily Dissolved,597383,3123234,19.127,1996.0,2014.0,2024.0,597383.0,1995,2016,2026,,Voluntarily Dissolved,
CO,INACTIVE / DISSOLVED / Administratively Dissolved,157834,3123234,5.054,1983.0,1998.0,2003.0,157834.0,1995,2016,2026,RETIRED: 95% of filings before 2003 (state median 2016),Administratively Dissolved,
CO,INACTIVE / (none) / Withdrawn,80156,3123234,2.566,1993.0,2011.0,2022.0,80156.0,1995,2016,2026,,Withdrawn,
CO,ACTIVE / NOT_GOOD_STANDING / Noncompliant,34474,3123234,1.104,2008.0,2025.0,2025.0,34474.0,1995,2016,2026,,Noncompliant,
CO,INACTIVE / (none) / Revoked,20688,3123234,0.662,1983.0,1997.0,2003.0,20688.0,1995,2016,2026,RETIRED: 95% of filings before 2003 (state median 2016),Revoked,
CO,INACTIVE / DISSOLVED / Judicially Dissolved,15924,3123234,0.51,2022.0,2023.0,2023.0,15924.0,1995,2016,2026,,Judicially Dissolved,
CO,ACTIVE / (none) / Exists,15662,3123234,0.501,1953.0,1992.0,2007.0,15662.0,1995,2016,2026,,Exists,
CO,INACTIVE / (none) / Merged,10155,3123234,0.325,1971.0,1999.0,2018.0,10155.0,1995,2016,2026,,Merged,
CO,INACTIVE / (none) / Converted,4783,3123234,0.153,1995.0,2015.0,2024.0,4783.0,1995,2016,2026,,Converted,
CO,INACTIVE / (none) / Registered Agent Resigned,663,3123234,0.021,1983.0,1994.0,2005.0,663.0,1995,2016,2026,RETIRED: 95% of filings before 2005 (state median 2016),Registered Agent Resigned,
CO,INACTIVE / (none) / Effectiveness Prevented,227,3123234,0.007,2004.0,2014.0,2024.0,227.0,1995,2016,2026,RARE: <0.01% of state,Effectiveness Prevented,
CO,INACTIVE / DISSOLVED / Dissolved (Term Expired),144,3123234,0.005,1993.0,2005.0,2011.0,144.0,1995,2016,2026,RARE: <0.01% of state,Dissolved (Term Expired),
CO,INACTIVE / (none) / Consolidated,18,3123234,0.001,1884.0,1964.0,1996.0,18.0,1995,2016,2026,RARE: <0.01% of state,Consolidated,
CO,ACTIVE / (none) / (none),1,3123234,0.0,2020.0,2020.0,2020.0,1.0,1995,2016,2026,RARE: <0.01% of state,(none),
CO,INACTIVE / (none) / (none),1,3123234,0.0,1991.0,1991.0,1991.0,1.0,1995,2016,2026,RARE: <0.01% of state,(none),
CT,INACTIVE / (none) / Forfeited,357215,1299546,27.488,1973.0,2005.0,2022.0,357182.0,1976,2010,2025,,Forfeited,
CT,ACTIVE / (none) / Active,354014,1299546,27.241,1992.0,2020.0,2026.0,353435.0,1976,2010,2025,,Active,
CT,INACTIVE / DISSOLVED / Dissolved,319457,1299546,24.582,1974.0,2005.0,2023.0,319389.0,1976,2010,2025,,Dissolved,
CT,ACTIVE / NOT_GOOD_STANDING / Annual report past due,55512,1299546,4.272,2000.0,2023.0,2025.0,55511.0,1976,2010,2025,,Annual report past due,
CT,INACTIVE / (none) / Withdrawn,53863,1299546,4.145,1976.0,2003.0,2022.0,53837.0,1976,2010,2025,,Withdrawn,
CT,INACTIVE / (none) / Revoked,46483,1299546,3.577,1975.0,2003.0,2021.0,46479.0,1976,2010,2025,,Revoked,
CT,ACTIVE / PENDING_INACTIVE / Admin Dissolution Initiated,28593,1299546,2.2,2006.0,2023.0,2024.0,28593.0,1976,2010,2025,,Admin Dissolution Initiated,
CT,ACTIVE / (none) / Annual report due,20394,1299546,1.569,1968.0,2014.0,2026.0,20394.0,1976,2010,2025,,Annual report due,
CT,INACTIVE / (none) / Cancelled,18809,1299546,1.447,1986.0,2003.0,2014.0,18807.0,1976,2010,2025,,Cancelled,
CT,INACTIVE / (none) / Merged,12713,1299546,0.978,1946.0,1983.0,2009.0,12205.0,1976,2010,2025,,Merged,
CT,INACTIVE / (none) / Expired Reservation,11858,1299546,0.912,1968.0,2010.0,2023.0,4.0,1976,2010,2025,,Expired Reservation,
CT,INACTIVE / (none) / Rejected,9991,1299546,0.769,2021.0,2024.0,2026.0,9208.0,1976,2010,2025,NEW: 95% of filings after 2021,Rejected,
CT,INACTIVE / (none) / Expired,3075,1299546,0.237,1961.0,2018.0,2024.0,10.0,1976,2010,2025,,Expired,
CT,ACTIVE / NOT_GOOD_STANDING / First report past due,1418,1299546,0.109,2023.0,2025.0,2026.0,1418.0,1976,2010,2025,NEW: 95% of filings after 2023,First report past due,
CT,INACTIVE / (none) / Renunciated,1318,1299546,0.101,1997.0,2008.0,2024.0,1318.0,1976,2010,2025,,Renunciated,
CT,ACTIVE / PENDING_INACTIVE / Ready for dissolution,1018,1299546,0.078,1984.0,2016.0,2024.0,1018.0,1976,2010,2025,,Ready for dissolution,
CT,INACTIVE / PENDING_ACTIVE / Reserved,885,1299546,0.068,,,,,1976,2010,2025,,Reserved,INACTIVE+PENDING_ACTIVE is a valid combo (filing not yet effective): CONFLICT flag removed
CT,ACTIVE / (none) / First report due,640,1299546,0.049,2026.0,2026.0,2026.0,640.0,1976,2010,2025,NEW: 95% of filings after 2026,First report due,
CT,ACTIVE / (none) / Domesticated,516,1299546,0.04,1994.0,2015.0,2024.0,515.0,1976,2010,2025,,Domesticated,
CT,ACTIVE / (none) / Redomesticated,332,1299546,0.026,1981.0,2006.0,2018.0,327.0,1976,2010,2025,,Redomesticated,
CT,UNKNOWN / (none) / Recorded,299,1299546,0.023,2004.0,2011.0,2023.0,292.0,1976,2010,2025,,Recorded,
CT,INACTIVE / (none) / Consolidation,214,1299546,0.016,1901.0,1950.0,1981.0,203.0,1976,2010,2025,RETIRED: 95% of filings before 1981 (state median 2010),Consolidation,
CT,INACTIVE / (none) / Converted Out,207,1299546,0.016,1973.0,2007.0,2023.0,206.0,1976,2010,2025,,Converted Out,
CT,ACTIVE / NOT_GOOD_STANDING / No Agent,204,1299546,0.016,1994.0,2013.0,2021.0,204.0,1976,2010,2025,,No Agent,
CT,INACTIVE / (none) / Removed,144,1299546,0.011,,,,,1976,2010,2025,,Removed,
CT,INACTIVE / (none) / (none),97,1299546,0.007,2021.0,2022.0,2022.0,94.0,1976,2010,2025,RARE: <0.01% of state,(none),
CT,INACTIVE / (none) / Converted,82,1299546,0.006,1977.0,2001.0,2021.0,81.0,1976,2010,2025,RARE: <0.01% of state,Converted,
CT,ACTIVE / PENDING_INACTIVE / Ready for Forfeiture,74,1299546,0.006,1965.0,2017.0,2024.0,74.0,1976,2010,2025,RARE: <0.01% of state,Ready for Forfeiture,
CT,ACTIVE / (none) / (none),37,1299546,0.003,1959.0,2021.0,2022.0,14.0,1976,2010,2025,RARE: <0.01% of state,(none),
CT,INACTIVE / (none) / Reserved Cancel,35,1299546,0.003,,,,,1976,2010,2025,RARE: <0.01% of state,Reserved Cancel,
CT,ACTIVE / PENDING_INACTIVE / Pending Withdrawal,14,1299546,0.001,2005.0,2020.0,2023.0,14.0,1976,2010,2025,RARE: <0.01% of state,Pending Withdrawal,
CT,INACTIVE / PENDING_ACTIVE / Registered,14,1299546,0.001,2020.0,2020.0,2020.0,1.0,1976,2010,2025,RARE: <0.01% of state,Registered,INACTIVE+PENDING_ACTIVE is a valid combo (filing not yet effective): CONFLICT flag removed
CT,ACTIVE / (none) / Fraudulent Filing Complaint Sent,8,1299546,0.001,2025.0,2026.0,2026.0,8.0,1976,2010,2025,RARE: <0.01% of state,Fraudulent Filing Complaint Sent,
CT,INACTIVE / PENDING_ACTIVE / Pending Filing,5,1299546,0.0,2001.0,2019.0,2020.0,5.0,1976,2010,2025,RARE: <0.01% of state,Pending Filing,INACTIVE+PENDING_ACTIVE is a valid combo (filing not yet effective): CONFLICT flag removed
CT,ACTIVE / PENDING_INACTIVE / Pending Merger,3,1299546,0.0,1972.0,2000.0,2013.0,3.0,1976,2010,2025,RARE: <0.01% of state,Pending Merger,
CT,ACTIVE / (none) / Active - Pending Domestication,2,1299546,0.0,2018.0,2018.0,2026.0,2.0,1976,2010,2025,RARE: <0.01% of state,Active - Pending Domestication,
CT,ACTIVE / PENDING_INACTIVE / Ready for Revocation,2,1299546,0.0,2009.0,2009.0,2013.0,2.0,1976,2010,2025,RARE: <0.01% of state,Ready for Revocation,
CT,ACTIVE / PENDING_INACTIVE / Pending Conversion,1,1299546,0.0,2019.0,2019.0,2019.0,1.0,1976,2010,2025,RARE: <0.01% of state,Pending Conversion,
DC,INACTIVE / (none) / Revoked,332712,527333,63.093,1925.0,2001.0,2023.0,332712.0,1940,2007,2025,,Revoked,
DC,ACTIVE / (none) / Active - In Good Standing,116749,527333,22.14,1989.0,2020.0,2026.0,116749.0,1940,2007,2025,,Active - In Good Standing,
DC,INACTIVE / DISSOLVED / Dissolved,32778,527333,6.216,1960.0,2006.0,2023.0,32777.0,1940,2007,2025,,Dissolved,
DC,INACTIVE / (none) / Withdrawn,31109,527333,5.899,1957.0,2003.0,2022.0,31109.0,1940,2007,2025,,Withdrawn,
DC,INACTIVE / (none) / Merged,5623,527333,1.066,1955.0,1984.0,2007.0,5623.0,1940,2007,2025,,Merged,
DC,INACTIVE / (none) / Inactive - Cancelled,2783,527333,0.528,1982.0,2002.0,2009.0,2783.0,1940,2007,2025,,Inactive - Cancelled,
DC,INACTIVE / (none) / Deprecate,2179,527333,0.413,1928.0,2011.0,2018.0,2179.0,1940,2007,2025,,Deprecate,
DC,INACTIVE / (none) / Terminated,926,527333,0.176,1972.0,1984.0,2002.0,926.0,1940,2007,2025,,Terminated,
DC,INACTIVE / (none) / Expired,697,527333,0.132,1965.0,1980.0,1991.0,697.0,1940,2007,2025,RETIRED: 95% of filings before 1991 (state median 2007),Expired,
DC,ACTIVE / (none) / Domesticated,621,527333,0.118,1982.0,2019.0,2025.0,620.0,1940,2007,2025,,Domesticated,
DC,ACTIVE / (none) / Active,518,527333,0.098,1898.0,1990.0,2023.0,518.0,1940,2007,2025,,Active,
DC,INACTIVE / (none) / Canceled,218,527333,0.041,1979.0,1989.0,1998.0,218.0,1940,2007,2025,,Canceled,
DC,INACTIVE / (none) / Consolidated,145,527333,0.027,1965.0,1989.0,2007.0,145.0,1940,2007,2025,,Consolidated,
DC,ACTIVE / (none) / Active - Not in Good Standing,136,527333,0.026,1999.0,2021.0,2026.0,136.0,1940,2007,2025,,Active - Not in Good Standing,
DC,INACTIVE / (none) / Converted,122,527333,0.023,1964.0,2012.0,2023.0,122.0,1940,2007,2025,,Converted,
DC,UNKNOWN / (none) / Domestic,7,527333,0.001,2011.0,2023.0,2025.0,4.0,1940,2007,2025,RARE: <0.01% of state,Domestic,
DC,UNKNOWN / (none) / Foreign,4,527333,0.001,,,,,1940,2007,2025,RARE: <0.01% of state,Foreign,
DC,INACTIVE / PENDING_ACTIVE / Redeemed,3,527333,0.001,2011.0,2012.0,2014.0,3.0,1940,2007,2025,RARE: <0.01% of state,Redeemed,INACTIVE+PENDING_ACTIVE is a valid combo (filing not yet effective): CONFLICT flag removed
DC,INACTIVE / (none) / (none),2,527333,0.0,2007.0,2007.0,2020.0,2.0,1940,2007,2025,RARE: <0.01% of state,(none),
DC,UNKNOWN / (none) / Active - In Good Standing - Pending Domestication,1,527333,0.0,1976.0,1976.0,1976.0,1.0,1940,2007,2025,RARE: <0.01% of state,Active - In Good Standing - Pending Domestication,
DE,UNKNOWN / (none) / (none),6067435,6067435,100.0,1987.0,2015.0,2025.0,6059626.0,1987,2015,2025,,(none),
FL,INACTIVE / (none) / (none),8725512,13003380,67.102,1975.0,2009.0,2023.0,8723548.0,1979,2014,2025,,(none),
FL,ACTIVE / (none) / (none),4277868,13003380,32.898,2001.0,2022.0,2026.0,4277851.0,1979,2014,2025,,(none),
GA,INACTIVE / DISSOLVED / Admin. Dissolved,2299434,4411030,52.129,1979.0,2012.0,2023.0,2299429.0,1984,2017,2025,,Admin. Dissolved,
GA,ACTIVE / GOOD_STANDING / Active/Compliance,1429313,4411030,32.403,1999.0,2021.0,2026.0,1429310.0,1984,2017,2025,,Active/Compliance,
GA,ACTIVE / GOOD_STANDING / Active/Noncompliance,197693,4411030,4.482,2010.0,2024.0,2025.0,197693.0,1984,2017,2025,,Active/Noncompliance,
GA,INACTIVE / DISSOLVED / Dissolved,125076,4411030,2.836,1972.0,2003.0,2018.0,125076.0,1984,2017,2025,,Dissolved,
GA,INACTIVE / (none) / Terminated,116683,4411030,2.645,2006.0,2018.0,2024.0,116683.0,1984,2017,2025,,Terminated,
GA,INACTIVE / (none) / Withdrawn,82143,4411030,1.862,1978.0,2005.0,2022.0,82143.0,1984,2017,2025,,Withdrawn,
GA,INACTIVE / (none) / Revoked,76279,4411030,1.729,1989.0,2012.0,2023.0,76278.0,1984,2017,2025,,Revoked,
GA,INACTIVE / (none) / Merged,23456,4411030,0.532,1961.0,1990.0,2014.0,23456.0,1984,2017,2025,,Merged,
GA,INACTIVE / (none) / Inactive,21705,4411030,0.492,1989.0,2002.0,2021.0,21705.0,1984,2017,2025,,Inactive,
GA,INACTIVE / (none) / Flawed/Deficient,8158,4411030,0.185,2006.0,2011.0,2020.0,8158.0,1984,2017,2025,,Flawed/Deficient,
GA,INACTIVE / (none) / (none),6958,4411030,0.158,1989.0,1997.0,2011.0,6958.0,1984,2017,2025,,(none),
GA,INACTIVE / (none) / Converted,5332,4411030,0.121,1989.0,2007.0,2021.0,5332.0,1984,2017,2025,,Converted,
GA,INACTIVE / DISSOLVED / Admin. Dissolved/Nonpayment,4822,4411030,0.109,2015.0,2020.0,2025.0,4822.0,1984,2017,2025,,Admin. Dissolved/Nonpayment,
GA,INACTIVE / (none) / Cancelled,3877,4411030,0.088,1993.0,2010.0,2024.0,3877.0,1984,2017,2025,,Cancelled,
GA,INACTIVE / (none) / Void,3183,4411030,0.072,1994.0,2001.0,2005.0,3183.0,1984,2017,2025,RETIRED: 95% of filings before 2005 (state median 2017),Void,
GA,INACTIVE / (none) / Election to LLC/LP,2053,4411030,0.047,1984.0,1998.0,2004.0,2053.0,1984,2017,2025,RETIRED: 95% of filings before 2004 (state median 2017),Election to LLC/LP,
GA,ACTIVE / NOT_GOOD_STANDING / Noncompliance/Nonpayment,2036,4411030,0.046,2021.0,2026.0,2026.0,2036.0,1984,2017,2025,,Noncompliance/Nonpayment,
GA,ACTIVE / GOOD_STANDING / Active,1176,4411030,0.027,1973.0,2012.0,2025.0,1175.0,1984,2017,2025,,Active,
GA,INACTIVE / (none) / See Notepad,537,4411030,0.012,1953.0,1984.0,1995.0,536.0,1984,2017,2025,RETIRED: 95% of filings before 1995 (state median 2017),See Notepad,
GA,INACTIVE / DISSOLVED / Admin. Dissolved/Revoked,330,4411030,0.007,2017.0,2023.0,2025.0,330.0,1984,2017,2025,RARE: <0.01% of state,Admin. Dissolved/Revoked,
GA,INACTIVE / (none) / Withdrawn/Merged,251,4411030,0.006,1938.0,1998.0,2009.0,251.0,1984,2017,2025,RARE: <0.01% of state,Withdrawn/Merged,
GA,INACTIVE / (none) / Hold,244,4411030,0.006,2006.0,2012.0,2012.0,244.0,1984,2017,2025,RARE: <0.01% of state,Hold,
GA,ACTIVE / NOT_GOOD_STANDING / Under Investigation,85,4411030,0.002,2024.0,2026.0,2026.0,85.0,1984,2017,2025,RARE: <0.01% of state,Under Investigation,
GA,INACTIVE / (none) / Consolidated,66,4411030,0.001,1947.0,1977.0,1986.0,66.0,1984,2017,2025,RARE: <0.01% of state,Consolidated,
GA,ACTIVE / GOOD_STANDING / Active Pending,31,4411030,0.001,2026.0,2026.0,2026.0,31.0,1984,2017,2025,RARE: <0.01% of state,Active Pending,
GA,INACTIVE / PENDING_ACTIVE / Filed,29,4411030,0.001,1978.0,2009.0,2022.0,29.0,1984,2017,2025,RARE: <0.01% of state,Filed,INACTIVE+PENDING_ACTIVE is a valid combo (filing not yet effective): CONFLICT flag removed
GA,INACTIVE / (none) / Expired,26,4411030,0.001,2007.0,2010.0,2016.0,26.0,1984,2017,2025,RARE: <0.01% of state,Expired,
GA,INACTIVE / DISSOLVED / Judicial Dissolution,25,4411030,0.001,1992.0,2013.0,2018.0,25.0,1984,2017,2025,RARE: <0.01% of state,Judicial Dissolution,
GA,INACTIVE / (none) / Non-Qualifying/Non-Filing,23,4411030,0.001,1968.0,1970.0,2013.0,23.0,1984,2017,2025,RARE: <0.01% of state,Non-Qualifying/Non-Filing,
GA,ACTIVE / (none) / (none),2,4411030,0.0,2019.0,2019.0,2020.0,2.0,1984,2017,2025,RARE: <0.01% of state,(none),
GA,ACTIVE / GOOD_STANDING / Active/Owes Current Year AR,2,4411030,0.0,1987.0,1987.0,2025.0,2.0,1984,2017,2025,RARE: <0.01% of state,Active/Owes Current Year AR,
GA,INACTIVE / (none) / Redeemed,2,4411030,0.0,2013.0,2013.0,2013.0,2.0,1984,2017,2025,RARE: <0.01% of state,Redeemed,
HI,INACTIVE / (none) / Expired,229409,820825,27.949,1983.0,2003.0,2020.0,229408.0,1984,2010,2024,,Expired,
HI,ACTIVE / (none) / Active,193637,820825,23.591,1996.0,2021.0,2026.0,193637.0,1984,2010,2024,,Active,
HI,INACTIVE / DISSOLVED / Inv. Dissolved,87900,820825,10.709,1977.0,1995.0,2017.0,87900.0,1984,2010,2024,,Inv. Dissolved,
HI,INACTIVE / (none) / Adm. Terminated,87854,820825,10.703,2002.0,2013.0,2021.0,87854.0,1984,2010,2024,,Adm. Terminated,
HI,ACTIVE / NOT_GOOD_STANDING / Delinquent,49749,820825,6.061,2003.0,2022.0,2024.0,49749.0,1984,2010,2024,,Delinquent,
HI,INACTIVE / (none) / Terminated,46531,820825,5.669,2001.0,2014.0,2023.0,46531.0,1984,2010,2024,,Terminated,
HI,INACTIVE / DISSOLVED / Dissolved,39293,820825,4.787,1975.0,1997.0,2019.0,39293.0,1984,2010,2024,,Dissolved,
HI,INACTIVE / (none) / Inv. Revoked,18485,820825,2.252,1982.0,2004.0,2019.0,18485.0,1984,2010,2024,,Inv. Revoked,
HI,INACTIVE / (none) / Inv. Cancelled,18259,820825,2.224,1980.0,1994.0,2020.0,18259.0,1984,2010,2024,,Inv. Cancelled,
HI,INACTIVE / (none) / Withdrawn,17147,820825,2.089,1982.0,2004.0,2021.0,17147.0,1984,2010,2024,,Withdrawn,
HI,INACTIVE / (none) / Cancelled,15056,820825,1.834,1988.0,2006.0,2022.0,15056.0,1984,2010,2024,,Cancelled,
HI,ACTIVE / NOT_GOOD_STANDING / Delinquent 2 Years,8507,820825,1.036,1999.0,2021.0,2022.0,8507.0,1984,2010,2024,,Delinquent 2 Years,
HI,INACTIVE / (none) / Merged,5463,820825,0.666,1973.0,2004.0,2022.0,5463.0,1984,2010,2024,,Merged,
HI,INACTIVE / (none) / Converted,3509,820825,0.427,1984.0,2008.0,2023.0,3509.0,1984,2010,2024,,Converted,
HI,ACTIVE / (none) / (none),11,820825,0.001,1987.0,2015.0,2018.0,11.0,1984,2010,2024,RARE: <0.01% of state,(none),
HI,INACTIVE / (none) / purged,7,820825,0.001,1990.0,2002.0,2002.0,7.0,1984,2010,2024,RARE: <0.01% of state,purged,
HI,INACTIVE / (none) / Records Frozen,5,820825,0.001,1950.0,1978.0,1993.0,5.0,1984,2010,2024,RARE: <0.01% of state,Records Frozen,
HI,INACTIVE / (none) / New,2,820825,0.0,2016.0,2016.0,2026.0,2.0,1984,2010,2024,RARE: <0.01% of state,New,
HI,INACTIVE / (none) / Inactive,1,820825,0.0,1999.0,1999.0,1999.0,1.0,1984,2010,2024,RARE: <0.01% of state,Inactive,
IA,ACTIVE / (none) / (none),344639,685680,50.262,1983.0,2020.0,2026.0,344633.0,1973,2015,2025,,(none),
IA,INACTIVE / (none) / (none),341041,685680,49.738,1968.0,2006.0,2023.0,341041.0,1973,2015,2025,,(none),
ID,ACTIVE / GOOD_STANDING / Active-Current,267038,1033891,25.828,1998.0,2010.0,2025.0,267038.0,1977,2014,2025,,Active-Current,
ID,INACTIVE / DISSOLVED / Inactive-Dissolved (Administrative),225835,1033891,21.843,1994.0,2013.0,2024.0,225835.0,1977,2014,2025,,Inactive-Dissolved (Administrative),
ID,ACTIVE / GOOD_STANDING / Active-Existing,224950,1033891,21.758,2006.0,2022.0,2026.0,224950.0,1977,2014,2025,,Active-Existing,
ID,ACTIVE / GOOD_STANDING / Active-Good Standing,63600,1033891,6.152,1976.0,2015.0,2026.0,63600.0,1977,2014,2025,,Active-Good Standing,
ID,INACTIVE / (none) / Inactive-Forfeited,62335,1033891,6.029,1905.0,1972.0,1992.0,62335.0,1977,2014,2025,RETIRED: 95% of filings before 1992 (state median 2014),Inactive-Forfeited,
ID,INACTIVE / DISSOLVED / Inactive-Dissolved,61685,1033891,5.966,1976.0,2011.0,2024.0,61685.0,1977,2014,2025,,Inactive-Dissolved,
ID,INACTIVE / (none) / Inactive-Revoked (Administrative),35963,1033891,3.478,1991.0,2012.0,2023.0,35963.0,1977,2014,2025,,Inactive-Revoked (Administrative),
ID,INACTIVE / (none) / Inactive-Cancelled,28050,1033891,2.713,1997.0,2010.0,2024.0,28050.0,1977,2014,2025,,Inactive-Cancelled,
ID,INACTIVE / (none) / Inactive-Withdrawn,24077,1033891,2.329,1956.0,2004.0,2022.0,24077.0,1977,2014,2025,,Inactive-Withdrawn,
ID,INACTIVE / (none) / Inactive-Expired,14638,1033891,1.416,1993.0,2021.0,2025.0,14638.0,1977,2014,2025,,Inactive-Expired,
ID,INACTIVE / (none) / Inactive-Cancelled (Administrative),8207,1033891,0.794,1995.0,2007.0,2016.0,8207.0,1977,2014,2025,,Inactive-Cancelled (Administrative),
ID,ACTIVE / NOT_GOOD_STANDING / Active-Existing,6337,1033891,0.613,2007.0,2023.0,2025.0,6337.0,1977,2014,2025,,Active-Existing,
ID,INACTIVE / (none) / Inactive-Merged Out,5080,1033891,0.491,1934.0,1979.0,2014.0,5080.0,1977,2014,2025,,Inactive-Merged Out,
ID,INACTIVE / (none) / Inactive-Terminated (Administrative),2144,1033891,0.207,1983.0,1996.0,2010.0,2144.0,1977,2014,2025,,Inactive-Terminated (Administrative),
ID,INACTIVE / DISSOLVED / Inactive-Dissolved (No Agent),1101,1033891,0.106,1996.0,2005.0,2015.0,1101.0,1977,2014,2025,,Inactive-Dissolved (No Agent),
ID,ACTIVE / NOT_GOOD_STANDING / Active-Good Standing,1018,1033891,0.098,1980.0,2020.0,2025.0,1018.0,1977,2014,2025,,Active-Good Standing,
ID,INACTIVE / DISSOLVED / Inactive-Terminated,869,1033891,0.084,1990.0,2007.0,2022.0,869.0,1977,2014,2025,,Inactive-Terminated,
ID,INACTIVE / DISSOLVED / Inactive-Domesticated Out,629,1033891,0.061,1999.0,2018.0,2024.0,629.0,1977,2014,2025,,Inactive-Domesticated Out,
ID,INACTIVE / (none) / Inactive-Revoked (No Agent),186,1033891,0.018,1974.0,1992.0,2014.0,186.0,1977,2014,2025,,Inactive-Revoked (No Agent),
ID,INACTIVE / (none) / Inactive-Consolidated,80,1033891,0.008,1912.0,1964.0,2007.0,80.0,1977,2014,2025,RARE: <0.01% of state,Inactive-Consolidated,
ID,ACTIVE / NOT_GOOD_STANDING / Active-Current,63,1033891,0.006,1985.0,2016.0,2025.0,63.0,1977,2014,2025,RARE: <0.01% of state,Active-Current,
ID,INACTIVE / (none) / Inactive-Converted Out,6,1033891,0.001,1977.0,2010.0,2017.0,6.0,1977,2014,2025,RARE: <0.01% of state,Inactive-Converted Out,
IL,INACTIVE / DISSOLVED / Dissolved,1361773,3482621,39.102,1978.0,2002.0,2021.0,1361772.0,1983,2012,2025,,Dissolved,
IL,ACTIVE / GOOD_STANDING / Goodstanding,1040521,3482621,29.878,1991.0,2020.0,2026.0,1040521.0,1983,2012,2025,,Goodstanding,
IL,INACTIVE / DISSOLVED / Involuntary Dissolution,601051,3482621,17.259,2002.0,2019.0,2024.0,601049.0,1983,2012,2025,,Involuntary Dissolution,
IL,INACTIVE / DISSOLVED / Voluntary Diss./Terminated,114275,3482621,3.281,2001.0,2016.0,2024.0,114274.0,1983,2012,2025,,Voluntary Diss./Terminated,
IL,INACTIVE / DISSOLVED / Revoked,113157,3482621,3.249,1977.0,2003.0,2022.0,113157.0,1983,2012,2025,,Revoked,
IL,INACTIVE / DISSOLVED / Withdrawn,74155,3482621,2.129,1977.0,2006.0,2021.0,74155.0,1983,2012,2025,,Withdrawn,
IL,INACTIVE / NOT_GOOD_STANDING / NGS,69076,3482621,1.983,2013.0,2024.0,2025.0,69076.0,1983,2012,2025,,NGS,
IL,ACTIVE / NOT_GOOD_STANDING / Not goodstanding,38985,3482621,1.119,1987.0,2019.0,2025.0,38985.0,1983,2012,2025,,Not goodstanding,
IL,ACTIVE / GOOD_STANDING / Merged/Consolidated,26316,3482621,0.756,1957.0,1989.0,2011.0,26316.0,1983,2012,2025,,Merged/Consolidated,
IL,ACTIVE / PENDING_ACTIVE / Reinstated,22977,3482621,0.66,1999.0,2020.0,2024.0,22977.0,1983,2012,2025,,Reinstated,
IL,INACTIVE / DISSOLVED / Administratively Dissolved,6815,3482621,0.196,1994.0,1999.0,2006.0,6815.0,1983,2012,2025,,Administratively Dissolved,
IL,ACTIVE / GOOD_STANDING / Merged,4264,3482621,0.122,1997.0,2007.0,2020.0,4264.0,1983,2012,2025,,Merged,
IL,ACTIVE / GOOD_STANDING / Converted,4064,3482621,0.117,1978.0,2016.0,2024.0,4064.0,1983,2012,2025,,Converted,
IL,ACTIVE / GOOD_STANDING / Domesticated,2103,3482621,0.06,2003.0,2017.0,2024.0,2103.0,1983,2012,2025,,Domesticated,
IL,INACTIVE / DISSOLVED / Redomesticated,1361,3482621,0.039,1969.0,2010.0,2022.0,1361.0,1983,2012,2025,,Redomesticated,
IL,INACTIVE / DISSOLVED / Void,489,3482621,0.014,2008.0,2011.0,2024.0,489.0,1983,2012,2025,,Void,
IL,INACTIVE / DISSOLVED / Expired,281,3482621,0.008,1897.0,1970.0,1988.0,281.0,1983,2012,2025,RETIRED: 95% of filings before 1988 (state median 2012); RARE: <0.01% of state,Expired,
IL,INACTIVE / DISSOLVED / Bankruptcy,274,3482621,0.008,1999.0,2017.0,2022.0,274.0,1983,2012,2025,RARE: <0.01% of state,Bankruptcy,
IL,ACTIVE / PENDING_INACTIVE / Unacceptable payment,230,3482621,0.007,1987.0,1996.0,2026.0,230.0,1983,2012,2025,RARE: <0.01% of state,Unacceptable payment,status UNKNOWN->ACTIVE (pending inactivation)
IL,ACTIVE / PENDING_INACTIVE / Agent Vacated,119,3482621,0.003,2007.0,2022.0,2026.0,119.0,1983,2012,2025,RARE: <0.01% of state,Agent Vacated,status UNKNOWN->ACTIVE (pending inactivation)
IL,ACTIVE / PENDING_INACTIVE / Agent vacated,103,3482621,0.003,1985.0,2017.0,2025.0,103.0,1983,2012,2025,RARE: <0.01% of state,Agent vacated,status UNKNOWN->ACTIVE (pending inactivation)
IL,INACTIVE / (none) / Administratively Dissolved,71,3482621,0.002,2023.0,2025.0,2025.0,71.0,1983,2012,2025,RARE: <0.01% of state,Administratively Dissolved,
IL,INACTIVE / (none) / Registered name cancellation,62,3482621,0.002,2016.0,2020.0,2022.0,62.0,1983,2012,2025,RARE: <0.01% of state,Registered name cancellation,
IL,ACTIVE / PENDING_INACTIVE / Hold,56,3482621,0.002,2013.0,2023.0,2026.0,56.0,1983,2012,2025,RARE: <0.01% of state,Hold,status UNKNOWN->ACTIVE (pending inactivation)
IL,ACTIVE / GOOD_STANDING / Ag-Coop,21,3482621,0.001,1915.0,1971.0,2023.0,21.0,1983,2012,2025,RARE: <0.01% of state,Ag-Coop,status UNKNOWN->ACTIVE (good standing)
IL,INACTIVE / PENDING_ACTIVE / Special Act Corporation,16,3482621,0.0,1845.0,1996.0,2019.0,16.0,1983,2012,2025,RARE: <0.01% of state,Special Act Corporation,status UNKNOWN->INACTIVE (pending activation)
IL,ACTIVE / (none) / Special Act Corporation,3,3482621,0.0,2011.0,2011.0,2019.0,3.0,1983,2012,2025,RARE: <0.01% of state,Special Act Corporation,
IL,ACTIVE / PENDING_INACTIVE / Registered name cancellation,3,3482621,0.0,1996.0,1998.0,2001.0,3.0,1983,2012,2025,RARE: <0.01% of state,Registered name cancellation,status UNKNOWN->ACTIVE (pending inactivation)
IN,INACTIVE / DISSOLVED / Admin Dissolved,806563,2019521,39.938,1976.0,2008.0,2023.0,806563.0,1972,2013,2025,,Admin Dissolved,
IN,ACTIVE / (none) / Active,691759,2019521,34.254,1993.0,2021.0,2026.0,691759.0,1972,2013,2025,,Active,
IN,INACTIVE / DISSOLVED / Voluntarily Dissolved,174454,2019521,8.638,1980.0,2010.0,2023.0,174454.0,1972,2013,2025,,Voluntarily Dissolved,
IN,INACTIVE / (none) / Revoked,129965,2019521,6.435,1932.0,1975.0,2019.0,129965.0,1972,2013,2025,,Revoked,
IN,INACTIVE / (none) / Expired,94171,2019521,4.663,1995.0,2015.0,2025.0,94171.0,1972,2013,2025,,Expired,
IN,INACTIVE / (none) / Withdrawn,48090,2019521,2.381,1982.0,2006.0,2022.0,48090.0,1972,2013,2025,,Withdrawn,
IN,ACTIVE / PENDING_INACTIVE / Pending Admin Dissolution,20321,2019521,1.006,2003.0,2022.0,2024.0,20321.0,1972,2013,2025,,Pending Admin Dissolution,
IN,INACTIVE / (none) / Merged,17796,2019521,0.881,1959.0,1994.0,2017.0,17796.0,1972,2013,2025,,Merged,
IN,ACTIVE / (none) / Past Due,15851,2019521,0.785,2001.0,2022.0,2024.0,15851.0,1972,2013,2025,,Past Due,
IN,INACTIVE / (none) / Cancelled,6256,2019521,0.31,1989.0,2006.0,2025.0,6256.0,1972,2013,2025,,Cancelled,
IN,INACTIVE / DISSOLVED / Voluntarily Dissolved (Name Protected),3930,2019521,0.195,2001.0,2023.0,2026.0,3930.0,1972,2013,2025,,Voluntarily Dissolved (Name Protected),
IN,INACTIVE / (none) / Non-Qualified Merged,2766,2019521,0.137,2002.0,2007.0,2015.0,2766.0,1972,2013,2025,,Non-Qualified Merged,
IN,UNKNOWN / (none) / (none),2301,2019521,0.114,2017.0,2023.0,2026.0,2300.0,1972,2013,2025,,(none),
IN,INACTIVE / PENDING_ACTIVE / Reserved,2075,2019521,0.103,2026.0,2026.0,2026.0,2075.0,1972,2013,2025,NEW: 95% of filings after 2026,Reserved,INACTIVE+PENDING_ACTIVE is a valid combo (filing not yet effective): CONFLICT flag removed
IN,ACTIVE / PENDING_INACTIVE / Pending Revocation,1345,2019521,0.067,2000.0,2020.0,2024.0,1345.0,1972,2013,2025,,Pending Revocation,
IN,INACTIVE / (none) / Inactive,1064,2019521,0.053,1993.0,2017.0,2024.0,1064.0,1972,2013,2025,,Inactive,
IN,INACTIVE / (none) / Converted Out,719,2019521,0.036,1979.0,2016.0,2024.0,719.0,1972,2013,2025,,Converted Out,
IN,INACTIVE / DISSOLVED / Judicially Dissolved,66,2019521,0.003,1961.0,1999.0,2015.0,66.0,1972,2013,2025,RARE: <0.01% of state,Judicially Dissolved,
IN,INACTIVE / PENDING_ACTIVE / Pending,23,2019521,0.001,2026.0,2026.0,2026.0,23.0,1972,2013,2025,RARE: <0.01% of state,Pending,INACTIVE+PENDING_ACTIVE is a valid combo (filing not yet effective): CONFLICT flag removed
IN,INACTIVE / (none) / Surrendered,2,2019521,0.0,1999.0,1999.0,2008.0,2.0,1972,2013,2025,RARE: <0.01% of state,Surrendered,
IN,INACTIVE / PENDING_ACTIVE / Pending Domestication,2,2019521,0.0,2024.0,2024.0,2026.0,2.0,1972,2013,2025,RARE: <0.01% of state,Pending Domestication,INACTIVE+PENDING_ACTIVE is a valid combo (filing not yet effective): CONFLICT flag removed
IN,INACTIVE / (none) / Abandoned,1,2019521,0.0,2023.0,2023.0,2023.0,1.0,1972,2013,2025,RARE: <0.01% of state,Abandoned,
IN,INACTIVE / (none) / Converted,1,2019521,0.0,1985.0,1985.0,1985.0,1.0,1972,2013,2025,RARE: <0.01% of state,Converted,
KS,INACTIVE / NOT_GOOD_STANDING / Forfeited - Failed to Timely File I/R,408636,899317,45.438,1919.0,2003.0,2023.0,408590.0,1934,2009,2025,,Forfeited - Failed to Timely File I/R,
KS,ACTIVE / GOOD_STANDING / Active and in Good Standing,292985,899317,32.579,1989.0,2020.0,2026.0,292985.0,1934,2009,2025,,Active and in Good Standing,
KS,INACTIVE / DISSOLVED / Dissolved,109005,899317,12.121,1928.0,2004.0,2023.0,108996.0,1934,2009,2025,,Dissolved,
KS,INACTIVE / (none) / Withdrawn,38805,899317,4.315,1937.0,2003.0,2021.0,38804.0,1934,2009,2025,,Withdrawn,
KS,INACTIVE / (none) / Merged out of Existence,15283,899317,1.699,1935.0,1985.0,2014.0,15274.0,1934,2009,2025,,Merged out of Existence,
KS,INACTIVE / (none) / Expired,11283,899317,1.255,1873.0,1904.0,2024.0,11282.0,1934,2009,2025,,Expired,
KS,ACTIVE / PENDING_ACTIVE / Registered,6026,899317,0.67,1921.0,2013.0,2025.0,6026.0,1934,2009,2025,,Registered,
KS,INACTIVE / NOT_GOOD_STANDING / Forfeited - Failed to Correct and Return I/R,4365,899317,0.485,1970.0,1988.0,2005.0,4364.0,1934,2009,2025,,Forfeited - Failed to Correct and Return I/R,
KS,INACTIVE / (none) / EXPIRED NAME RESERVATION,3193,899317,0.355,2021.0,2022.0,2023.0,3193.0,1934,2009,2025,NEW: 95% of filings after 2021,EXPIRED NAME RESERVATION,
KS,INACTIVE / NOT_GOOD_STANDING / Forfeited - Failed to Designate New Resident Agent,2300,899317,0.256,1976.0,2005.0,2023.0,2300.0,1934,2009,2025,,Forfeited - Failed to Designate New Resident Agent,
KS,INACTIVE / (none) / Incomplete Filing    Never Activated,2121,899317,0.236,1997.0,2000.0,2003.0,2121.0,1934,2009,2025,,Incomplete Filing    Never Activated,
KS,INACTIVE / (none) / Never Activated,1400,899317,0.156,2013.0,2017.0,2022.0,217.0,1934,2009,2025,,Never Activated,
KS,UNKNOWN / (none) / (none),1049,899317,0.117,2020.0,2021.0,2022.0,1049.0,1934,2009,2025,NEW: 95% of filings after 2020,(none),
KS,INACTIVE / NOT_GOOD_STANDING / Rescinded,990,899317,0.11,2024.0,2026.0,2026.0,730.0,1934,2009,2025,NEW: 95% of filings after 2024,Rescinded,
KS,INACTIVE / (none) / Domesticated Out,624,899317,0.069,1992.0,2015.0,2024.0,624.0,1934,2009,2025,,Domesticated Out,
KS,UNKNOWN / (none) / Name Reserved,596,899317,0.066,2023.0,2024.0,2025.0,596.0,1934,2009,2025,NEW: 95% of filings after 2023,Name Reserved,
KS,UNKNOWN / (none) / Converted,305,899317,0.034,1979.0,2002.0,2019.0,304.0,1934,2009,2025,,Converted,
KS,UNKNOWN / (none) / NAME RESERVATION,116,899317,0.013,2023.0,2023.0,2023.0,115.0,1934,2009,2025,NEW: 95% of filings after 2023,NAME RESERVATION,
KS,INACTIVE / (none) / Closed by Order of Bank Commissioner,55,899317,0.006,1891.0,1909.0,1987.0,55.0,1934,2009,2025,RARE: <0.01% of state,Closed by Order of Bank Commissioner,
KS,INACTIVE / PENDING_ACTIVE / Corporation Is Pending,52,899317,0.006,2016.0,2017.0,2021.0,52.0,1934,2009,2025,RARE: <0.01% of state,Corporation Is Pending,status UNKNOWN->INACTIVE (pending activation)
KS,INACTIVE / (none) / Forfeited - Failed to Designate New Registered Office Address,30,899317,0.003,2024.0,2024.0,2026.0,30.0,1934,2009,2025,RARE: <0.01% of state,Forfeited - Failed to Designate New Registered Office Address,
KS,UNKNOWN / (none) / Converted to National/Federal,20,899317,0.002,1884.0,1919.0,1979.0,20.0,1934,2009,2025,RARE: <0.01% of state,Converted to National/Federal,
KS,INACTIVE / PENDING_ACTIVE / Active Pending Examination of I/R,17,899317,0.002,1983.0,2021.0,2026.0,17.0,1934,2009,2025,RARE: <0.01% of state,Active Pending Examination of I/R,status UNKNOWN->INACTIVE (pending activation)
KS,INACTIVE / (none) / Closed by Court Order,16,899317,0.002,1920.0,2004.0,2023.0,16.0,1934,2009,2025,RARE: <0.01% of state,Closed by Court Order,
KS,INACTIVE / (none) / FORFEITED - FAILED TO TIMELY FILE A/R,11,899317,0.001,,,,0.0,1934,2009,2025,RARE: <0.01% of state,FORFEITED - FAILED TO TIMELY FILE A/R,
KS,INACTIVE / (none) / Redomesticated Out,10,899317,0.001,1907.0,1948.0,2011.0,10.0,1934,2009,2025,RARE: <0.01% of state,Redomesticated Out,
KS,INACTIVE / PENDING_ACTIVE / CORPORATION IS PENDING,7,899317,0.001,2022.0,2023.0,2023.0,7.0,1934,2009,2025,RARE: <0.01% of state,CORPORATION IS PENDING,
KS,INACTIVE / NOT_GOOD_STANDING / Forfeited - By Court Order,3,899317,0.0,1996.0,1996.0,1998.0,3.0,1934,2009,2025,RARE: <0.01% of state,Forfeited - By Court Order,
KS,INACTIVE / (none) / Filing Rescinded,2,899317,0.0,2002.0,2002.0,2002.0,2.0,1934,2009,2025,RARE: <0.01% of state,Filing Rescinded,
KS,ACTIVE / GOOD_STANDING / Active And In Good Standing,2,899317,0.0,2015.0,2015.0,2019.0,2.0,1934,2009,2025,RARE: <0.01% of state,Active And In Good Standing,
KS,INACTIVE / (none) / Forfeited   Failed To Timely File A/R,2,899317,0.0,1865.0,1865.0,2019.0,2.0,1934,2009,2025,RARE: <0.01% of state,Forfeited   Failed To Timely File A/R,
KS,UNKNOWN / (none) / Delinquent Pending Examination of I/R,1,899317,0.0,2023.0,2023.0,2023.0,1.0,1934,2009,2025,RARE: <0.01% of state,Delinquent Pending Examination of I/R,
KS,INACTIVE / NOT_GOOD_STANDING / Forfeited - Pursuant to State Board,1,899317,0.0,1987.0,1987.0,1987.0,1.0,1934,2009,2025,RARE: <0.01% of state,Forfeited - Pursuant to State Board,
KS,INACTIVE / (none) / FILING RESCINDED,1,899317,0.0,,,,0.0,1934,2009,2025,RARE: <0.01% of state,FILING RESCINDED,
KS,ACTIVE / (none) / Registered,1,899317,0.0,1997.0,1997.0,1997.0,1.0,1934,2009,2025,RARE: <0.01% of state,Registered,
KS,INACTIVE / (none) / Closed By Order of Regulatory Board,1,899317,0.0,2011.0,2011.0,2011.0,1.0,1934,2009,2025,RARE: <0.01% of state,Closed By Order of Regulatory Board,
KS,INACTIVE / (none) / Forfeited   Failed To Correct And Return A/R,1,899317,0.0,2017.0,2017.0,2017.0,1.0,1934,2009,2025,RARE: <0.01% of state,Forfeited   Failed To Correct And Return A/R,
KS,INACTIVE / (none) / INCOMPLETE FILING -- NEVER ACTIVATED,1,899317,0.0,2021.0,2021.0,2021.0,1.0,1934,2009,2025,RARE: <0.01% of state,INCOMPLETE FILING -- NEVER ACTIVATED,
KS,UNKNOWN / (none) / Status Pending Examination Of A/R,1,899317,0.0,2017.0,2017.0,2017.0,1.0,1934,2009,2025,RARE: <0.01% of state,Status Pending Examination Of A/R,
KY,INACTIVE / (none) / Inactive,828926,1297582,63.882,1973.0,2007.0,2023.0,827032.0,1976,2013,2026,,Inactive,
KY,ACTIVE / GOOD_STANDING / Active,353221,1297582,27.221,1993.0,2021.0,2026.0,353219.0,1976,2013,2026,,Active,
KY,ACTIVE / PENDING_INACTIVE / Pending Dissolution,68105,1297582,5.249,2006.0,2024.0,2025.0,68105.0,1976,2013,2026,,Pending Dissolution,
KY,INACTIVE / (none) / Deleted,45992,1297582,3.544,1999.0,2020.0,2026.0,45937.0,1976,2013,2026,,Deleted,
KY,ACTIVE / (none) / Active,618,1297582,0.048,2012.0,2024.0,2026.0,618.0,1976,2013,2026,,Active,
KY,INACTIVE / PENDING_ACTIVE / On File,439,1297582,0.034,2007.0,2012.0,2021.0,439.0,1976,2013,2026,,On File,INACTIVE+PENDING_ACTIVE is a valid combo (filing not yet effective): CONFLICT flag removed
KY,INACTIVE / (none) / Unknown,152,1297582,0.012,1973.0,1988.0,1993.0,28.0,1976,2013,2026,,Unknown,
KY,INACTIVE / PENDING_ACTIVE / Name Reservation,96,1297582,0.007,2018.0,2026.0,2026.0,96.0,1976,2013,2026,RARE: <0.01% of state,Name Reservation,INACTIVE+PENDING_ACTIVE is a valid combo (filing not yet effective): CONFLICT flag removed
KY,UNKNOWN / (none) / (none),18,1297582,0.001,2002.0,2025.0,2026.0,18.0,1976,2013,2026,RARE: <0.01% of state,(none),
KY,INACTIVE / PENDING_ACTIVE / Pending Reinstatement,11,1297582,0.001,1993.0,2019.0,2024.0,11.0,1976,2013,2026,RARE: <0.01% of state,Pending Reinstatement,INACTIVE+PENDING_ACTIVE is a valid combo (filing not yet effective): CONFLICT flag removed
KY,ACTIVE / NOT_GOOD_STANDING / Active,4,1297582,0.0,2025.0,2026.0,2026.0,4.0,1976,2013,2026,RARE: <0.01% of state,Active,
LA,INACTIVE / (none) / INACTIVE,1060813,1774214,59.791,1960.0,2005.0,2022.0,1060813.0,1965,2010,2025,,INACTIVE,
LA,ACTIVE / GOOD_STANDING / ACTIVE,413519,1774214,23.307,1990.0,2019.0,2026.0,413519.0,1965,2010,2025,,ACTIVE,
LA,ACTIVE / NOT_GOOD_STANDING / ACTIVE,206433,1774214,11.635,1993.0,2021.0,2025.0,206433.0,1965,2010,2025,,ACTIVE,
LA,INACTIVE / (none) / HISTORY INACTIVE,52295,1774214,2.948,1927.0,1971.0,1978.0,52295.0,1965,2010,2025,RETIRED: 95% of filings before 1978 (state median 2010),HISTORY INACTIVE,
LA,ACTIVE / (none) / ACTIVE,25406,1774214,1.432,1981.0,1993.0,2023.0,25406.0,1965,2010,2025,,ACTIVE,
LA,INACTIVE / PENDING_INACTIVE / WITHDRAWAL PENDING,12260,1774214,0.691,1983.0,2008.0,2022.0,12260.0,1965,2010,2025,,WITHDRAWAL PENDING,
LA,ACTIVE / GOOD_STANDING / Active   In Good Standing,1938,1774214,0.109,1971.0,2011.0,2020.0,1938.0,1965,2010,2025,,Active   In Good Standing,
LA,ACTIVE / (none) / (none),762,1774214,0.043,1983.0,2011.0,2022.0,762.0,1965,2010,2025,,(none),
LA,ACTIVE / (none) / Active,212,1774214,0.012,1984.0,2007.0,2020.0,212.0,1965,2010,2025,,Active,
LA,ACTIVE / NOT_GOOD_STANDING / Active   Not In Good Standing For Failure To File Annual Report,167,1774214,0.009,1970.0,2012.0,2019.0,167.0,1965,2010,2025,RARE: <0.01% of state,Active   Not In Good Standing For Failure To File Annual Report,
LA,INACTIVE / (none) / Inactive   Action By Secretary Of State,95,1774214,0.005,1978.0,2009.0,2018.0,95.0,1965,2010,2025,RARE: <0.01% of state,Inactive   Action By Secretary Of State,
LA,INACTIVE / DISSOLVED / Dissolved,77,1774214,0.004,1921.0,1994.0,2017.0,77.0,1965,2010,2025,RARE: <0.01% of state,Dissolved,
LA,ACTIVE / GOOD_STANDING / Good Standing,64,1774214,0.004,1872.0,2010.0,2020.0,64.0,1965,2010,2025,RARE: <0.01% of state,Good Standing,
LA,INACTIVE / (none) / In Active,49,1774214,0.003,1860.0,1903.0,1944.0,49.0,1965,2010,2025,RARE: <0.01% of state,In Active,
LA,INACTIVE / (none) / Inactive,38,1774214,0.002,2016.0,2018.0,2018.0,38.0,1965,2010,2025,RARE: <0.01% of state,Inactive,
LA,INACTIVE / (none) / (none),37,1774214,0.002,1991.0,2012.0,2021.0,37.0,1965,2010,2025,RARE: <0.01% of state,(none),
LA,UNKNOWN / (none) / (none),14,1774214,0.001,1870.0,1956.0,1992.0,14.0,1965,2010,2025,RARE: <0.01% of state,(none),
LA,ACTIVE / PENDING_INACTIVE / Active (Voluntary Withdrawal Pending),12,1774214,0.001,1993.0,2008.0,2018.0,12.0,1965,2010,2025,RARE: <0.01% of state,Active (Voluntary Withdrawal Pending),
LA,INACTIVE / (none) / Revoked,7,1774214,0.0,1936.0,1967.0,1996.0,7.0,1965,2010,2025,RARE: <0.01% of state,Revoked,
LA,INACTIVE / (none) / Canceled,6,1774214,0.0,1930.0,1943.0,2004.0,6.0,1965,2010,2025,RARE: <0.01% of state,Canceled,
LA,ACTIVE / PENDING_INACTIVE / Intent To Dissolve   Failure To File Annual Report,4,1774214,0.0,2013.0,2014.0,2016.0,4.0,1965,2010,2025,RARE: <0.01% of state,Intent To Dissolve   Failure To File Annual Report,
LA,INACTIVE / (none) / Merged,3,1774214,0.0,1898.0,1920.0,1949.0,3.0,1965,2010,2025,RARE: <0.01% of state,Merged,
LA,INACTIVE / (none) / Inactive   Revoked/Wdpnd,1,1774214,0.0,2009.0,2009.0,2009.0,1.0,1965,2010,2025,RARE: <0.01% of state,Inactive   Revoked/Wdpnd,
LA,INACTIVE / (none) / Inactive   Surrendered,1,1774214,0.0,2017.0,2017.0,2017.0,1.0,1965,2010,2025,RARE: <0.01% of state,Inactive   Surrendered,
LA,INACTIVE / PENDING_ACTIVE / PENDING,1,1774214,0.0,2017.0,2017.0,2017.0,1.0,1965,2010,2025,RARE: <0.01% of state,PENDING,INACTIVE+PENDING_ACTIVE is a valid combo (filing not yet effective): CONFLICT flag removed
MA,INACTIVE / (none) / (none),1072673,1710495,62.711,1968.0,2001.0,2021.0,1072642.0,1971,2009,2025,,(none),
MA,ACTIVE / (none) / (none),637592,1710495,37.275,1986.0,2020.0,2026.0,637502.0,1971,2009,2025,,(none),
MA,UNKNOWN / (none) / (none),230,1710495,0.013,1967.0,1995.0,2002.0,230.0,1971,2009,2025,,(none),
MD,INACTIVE / (none) / FORFEITED,1264009,2210358,57.186,1980.0,2007.0,2022.0,1263916.0,1981,2012,2025,,FORFEITED,
MD,ACTIVE / (none) / ACTIVE,466067,2210358,21.086,2005.0,2023.0,2026.0,466067.0,1981,2012,2025,,ACTIVE,
MD,INACTIVE / DISSOLVED / DISSOLVED,238847,2210358,10.806,1981.0,2009.0,2023.0,238822.0,1981,2012,2025,,DISSOLVED,
MD,ACTIVE / (none) / INCORPORATED,137944,2210358,6.241,1976.0,2015.0,2026.0,137896.0,1981,2012,2025,,INCORPORATED,
MD,ACTIVE / (none) / REVIVED,75911,2210358,3.434,1980.0,2012.0,2022.0,75897.0,1981,2012,2025,,REVIVED,
MD,INACTIVE / (none) / MERGED,23275,2210358,1.053,1964.0,1991.0,2015.0,23222.0,1981,2012,2025,,MERGED,
MD,INACTIVE / (none) / CONVERTED,3596,2210358,0.163,1981.0,2011.0,2023.0,3596.0,1981,2012,2025,,CONVERTED,
MD,UNKNOWN / (none) / INCORPORATED PRIOR TO 12/27/1977,472,2210358,0.021,1977.0,1977.0,1977.0,456.0,1981,2012,2025,RETIRED: 95% of filings before 1977 (state median 2012),INCORPORATED PRIOR TO 12/27/1977,
MD,INACTIVE / (none) / CONSOLIDATED,162,2210358,0.007,1937.0,1980.0,1998.0,161.0,1981,2012,2025,RETIRED: 95% of filings before 1998 (state median 2012); RARE: <0.01% of state,CONSOLIDATED,
MD,UNKNOWN / (none) / INACTIVE,69,2210358,0.003,2010.0,2018.0,2023.0,69.0,1981,2012,2025,RARE: <0.01% of state,INACTIVE,
MD,ACTIVE / (none) / (none),3,2210358,0.0,2018.0,2021.0,2021.0,3.0,1981,2012,2025,RARE: <0.01% of state,(none),
MD,ACTIVE / PENDING_INACTIVE / FORFEITURE PENDING,2,2210358,0.0,2016.0,2016.0,2018.0,2.0,1981,2012,2025,RARE: <0.01% of state,FORFEITURE PENDING,
MD,INACTIVE / (none) / CANCELLED,1,2210358,0.0,2016.0,2016.0,2016.0,1.0,1981,2012,2025,RARE: <0.01% of state,CANCELLED,
ME,ACTIVE / GOOD_STANDING / GOOD STANDING,153945,376059,40.936,1981.0,2018.0,2026.0,153925.0,1978,2010,2025,,GOOD STANDING,
ME,INACTIVE / DISSOLVED / ADMINISTRATIVELY DISSOLVED,106038,376059,28.197,1990.0,2012.0,2024.0,106036.0,1978,2010,2025,,ADMINISTRATIVELY DISSOLVED,
ME,INACTIVE / (none) / ADMINISTRATIVELY SUSPENDED,25800,376059,6.861,1972.0,1990.0,2000.0,25800.0,1978,2010,2025,,ADMINISTRATIVELY SUSPENDED,
ME,INACTIVE / (none) / AUTHORITY REVOKED,25012,376059,6.651,1966.0,1999.0,2020.0,24993.0,1978,2010,2025,,AUTHORITY REVOKED,
ME,INACTIVE / (none) / CANCELLED,22701,376059,6.037,1997.0,2012.0,2023.0,22692.0,1978,2010,2025,,CANCELLED,
ME,INACTIVE / DISSOLVED / DISSOLVED,19256,376059,5.12,1965.0,1995.0,2016.0,19256.0,1978,2010,2025,,DISSOLVED,
ME,INACTIVE / (none) / AUTHORITY OF FOREIGN ENTITY WITHDRAWN,9983,376059,2.655,1958.0,1993.0,2014.0,9978.0,1978,2010,2025,,AUTHORITY OF FOREIGN ENTITY WITHDRAWN,
ME,INACTIVE / (none) / EXCUSED,6491,376059,1.726,1967.0,1991.0,2016.0,6491.0,1978,2010,2025,,EXCUSED,
ME,INACTIVE / (none) / MERGED,5830,376059,1.55,1949.0,1991.0,2015.0,5824.0,1978,2010,2025,,MERGED,
ME,INACTIVE / NOT_GOOD_STANDING / NOT IN GOOD STANDING,236,376059,0.063,1993.0,2021.0,2025.0,236.0,1978,2010,2025,,NOT IN GOOD STANDING,
ME,ACTIVE / (none) / REDOMESTICATION,129,376059,0.034,1960.0,2001.0,2021.0,129.0,1978,2010,2025,,REDOMESTICATION,
ME,INACTIVE / (none) / CONVERSION,129,376059,0.034,1989.0,2015.0,2024.0,128.0,1978,2010,2025,,CONVERSION,
ME,INACTIVE / (none) / INACTIVE - UNKNOWN REASON,128,376059,0.034,1867.0,1903.0,1968.0,128.0,1978,2010,2025,RETIRED: 95% of filings before 1968 (state median 2010),INACTIVE - UNKNOWN REASON,
ME,INACTIVE / (none) / CONSOLIDATED,94,376059,0.025,1890.0,1983.0,2014.0,94.0,1978,2010,2025,,CONSOLIDATED,
ME,UNKNOWN / (none) / AUTHORITY REVOKED,81,376059,0.022,1987.0,2003.0,2013.0,81.0,1978,2010,2025,,AUTHORITY REVOKED,
ME,UNKNOWN / (none) / GENERAL PARTNERSHIP OPTIONAL FILING - NO STATUS WITH SOS,70,376059,0.019,2008.0,2016.0,2025.0,70.0,1978,2010,2025,,GENERAL PARTNERSHIP OPTIONAL FILING - NO STATUS WITH SOS,
ME,INACTIVE / (none) / RENUNCIATION OF LIMITED LIABILITY PARTNERSHIP,69,376059,0.018,1997.0,2008.0,2022.0,69.0,1978,2010,2025,,RENUNCIATION OF LIMITED LIABILITY PARTNERSHIP,
ME,INACTIVE / (none) / EXPIRED,16,376059,0.004,1897.0,2020.0,2023.0,16.0,1978,2010,2025,RARE: <0.01% of state,EXPIRED,
ME,INACTIVE / (none) / REMOVED - ADMINISTRATIVE ORDER,16,376059,0.004,1910.0,1985.0,2022.0,16.0,1978,2010,2025,RARE: <0.01% of state,REMOVED - ADMINISTRATIVE ORDER,
ME,ACTIVE / (none) / REVIVAL - LEGALLY EXISTING,14,376059,0.004,1946.0,2002.0,2021.0,14.0,1978,2010,2025,RARE: <0.01% of state,REVIVAL - LEGALLY EXISTING,
ME,INACTIVE / PENDING_ACTIVE / PENDING NEW APPLICATION,9,376059,0.002,2026.0,2026.0,2026.0,9.0,1978,2010,2025,RARE: <0.01% of state,PENDING NEW APPLICATION,INACTIVE+PENDING_ACTIVE is a valid combo (filing not yet effective): CONFLICT flag removed
ME,UNKNOWN / (none) / INFORMATIONAL,5,376059,0.001,1978.0,2021.0,2023.0,5.0,1978,2010,2025,RARE: <0.01% of state,INFORMATIONAL,
ME,INACTIVE / (none) / REMOVED - COURT ORDER,4,376059,0.001,1906.0,1937.0,1987.0,4.0,1978,2010,2025,RARE: <0.01% of state,REMOVED - COURT ORDER,
ME,INACTIVE / (none) / ABANDONMENT OF DOMESTICATION,2,376059,0.001,2008.0,2008.0,2013.0,2.0,1978,2010,2025,RARE: <0.01% of state,ABANDONMENT OF DOMESTICATION,
ME,ACTIVE / (none) / QUALIFIED (FORMERLY REGISTERED A REGISTERED NAME ONLY),1,376059,0.0,2019.0,2019.0,2019.0,1.0,1978,2010,2025,RARE: <0.01% of state,QUALIFIED (FORMERLY REGISTERED A REGISTERED NAME ONLY),
MI,ACTIVE / GOOD_STANDING / Active,898938,3348408,26.847,1989.0,2023.0,2026.0,898938.0,1979,2012,2025,,Active,
MI,INACTIVE / (none) / (none),713090,3348408,21.296,2000.0,2006.0,2013.0,713090.0,1979,2012,2025,,(none),
MI,INACTIVE / DISSOLVED / Dissolved - Operation of Law,543463,3348408,16.23,1970.0,1989.0,2018.0,543463.0,1979,2012,2025,,Dissolved - Operation of Law,
MI,ACTIVE / (none) / Active,358055,3348408,10.693,2016.0,2018.0,2020.0,358055.0,1979,2012,2025,,Active,
MI,ACTIVE / NOT_GOOD_STANDING / Active,297495,3348408,8.885,1998.0,2020.0,2022.0,297495.0,1979,2012,2025,,Active,
MI,ACTIVE / (none) / (none),218948,3348408,6.539,2001.0,2007.0,2013.0,218948.0,1979,2012,2025,,(none),
MI,INACTIVE / DISSOLVED / Dissolved - Certificate of Dissolution,201658,3348408,6.023,1968.0,2010.0,2023.0,201658.0,1979,2012,2025,,Dissolved - Certificate of Dissolution,
MI,INACTIVE / (none) / Revoked - Operation of Law,33012,3348408,0.986,1971.0,1991.0,2019.0,33012.0,1979,2012,2025,,Revoked - Operation of Law,
MI,INACTIVE / (none) / Existence Ceased - Merged,25180,3348408,0.752,1954.0,1985.0,2014.0,25180.0,1979,2012,2025,,Existence Ceased - Merged,
MI,INACTIVE / (none) / Withdrawn - Certificate of Withdrawal,24274,3348408,0.725,1971.0,1998.0,2022.0,24274.0,1979,2012,2025,,Withdrawn - Certificate of Withdrawal,
MI,INACTIVE / DISSOLVED / Dissolved - Term Expired,13158,3348408,0.393,1952.0,1994.0,2021.0,13158.0,1979,2012,2025,,Dissolved - Term Expired,
MI,INACTIVE / (none) / Converted,6282,3348408,0.188,1976.0,2014.0,2023.0,6282.0,1979,2012,2025,,Converted,
MI,INACTIVE / (none) / Cancelled - Certificate of Cancellation,5268,3348408,0.157,1974.0,1988.0,2015.0,5268.0,1979,2012,2025,,Cancelled - Certificate of Cancellation,
MI,INACTIVE / (none) / Rescinded,3871,3348408,0.116,1992.0,2022.0,2026.0,3871.0,1979,2012,2025,,Rescinded,
MI,INACTIVE / (none) / Expired,3819,3348408,0.114,1996.0,2019.0,2026.0,3819.0,1979,2012,2025,,Expired,
MI,UNKNOWN / (none) / Other,1238,3348408,0.037,1881.0,2010.0,2022.0,1238.0,1979,2012,2025,,Other,
MI,INACTIVE / (none) / Revoked - Failure to Comply,293,3348408,0.009,1959.0,1977.0,1988.0,293.0,1979,2012,2025,RETIRED: 95% of filings before 1988 (state median 2012); RARE: <0.01% of state,Revoked - Failure to Comply,
MI,INACTIVE / (none) / Existence Ceased - Consolidated,195,3348408,0.006,1866.0,1947.0,1987.0,195.0,1979,2012,2025,RETIRED: 95% of filings before 1987 (state median 2012); RARE: <0.01% of state,Existence Ceased - Consolidated,
MI,INACTIVE / DISSOLVED / Dissolved - Court Order,122,3348408,0.004,1952.0,1990.0,2023.0,122.0,1979,2012,2025,RARE: <0.01% of state,Dissolved - Court Order,
MI,INACTIVE / (none) / Not Registered,45,3348408,0.001,1975.0,1994.0,1994.0,45.0,1979,2012,2025,RARE: <0.01% of state,Not Registered,
MI,INACTIVE / (none) / Cancelled - Court Order,2,3348408,0.0,1988.0,1988.0,1991.0,2.0,1979,2012,2025,RARE: <0.01% of state,Cancelled - Court Order,
MI,INACTIVE / (none) / Cancelled - Term Expired,1,3348408,0.0,1974.0,1974.0,1974.0,1.0,1979,2012,2025,RARE: <0.01% of state,Cancelled - Term Expired,
MI,INACTIVE / (none) / Withdrawn - Court Order,1,3348408,0.0,1967.0,1967.0,1967.0,1.0,1979,2012,2025,RARE: <0.01% of state,Withdrawn - Court Order,
MN,INACTIVE / (none) / Inactive,1195122,1787618,66.856,1950.0,2006.0,2023.0,1195119.0,1962,2011,2025,,Inactive,
MN,ACTIVE / (none) / Active,592496,1787618,33.144,1992.0,2020.0,2026.0,592495.0,1962,2011,2025,,Active,
MO,ACTIVE / (none) / Active,1222727,2322759,52.641,2002.0,2019.0,2026.0,1222656.0,1971,2013,2025,,Active,
MO,INACTIVE / DISSOLVED / Voluntarily Dissolved,245355,2322759,10.563,1927.0,1991.0,2000.0,153516.0,1971,2013,2025,RETIRED: 95% of filings before 2000 (state median 2013),Voluntarily Dissolved,
MO,INACTIVE / DISSOLVED / Admin Diss/Cancel - Repor,220072,2322759,9.475,1979.0,2004.0,2022.0,220021.0,1971,2013,2025,,Admin Diss/Cancel - Repor,
MO,INACTIVE / (none) / Forfeited,148122,2322759,6.377,1948.0,1978.0,1988.0,148072.0,1971,2013,2025,RETIRED: 95% of filings before 1988 (state median 2013),Forfeited,
MO,ACTIVE / GOOD_STANDING / Good Standing,147275,2322759,6.341,1938.0,2006.0,2026.0,147275.0,1971,2013,2025,,Good Standing,
MO,INACTIVE / (none) / Term/Cancel,135696,2322759,5.842,1971.0,2009.0,2023.0,135679.0,1971,2013,2025,,Term/Cancel,
MO,INACTIVE / DISSOLVED / Admin Diss/Cancel - Agent,64731,2322759,2.787,1993.0,2009.0,2022.0,64712.0,1971,2013,2025,,Admin Diss/Cancel - Agent,
MO,INACTIVE / (none) / (none),37984,2322759,1.635,1999.0,2007.0,2014.0,28524.0,1971,2013,2025,,(none),
MO,INACTIVE / (none) / Inactive - Merged,26070,2322759,1.122,1940.0,1983.0,2013.0,25797.0,1971,2013,2025,,Inactive - Merged,
MO,INACTIVE / (none) / Rejected,16104,2322759,0.693,1964.0,1980.0,2017.0,4477.0,1971,2013,2025,,Rejected,
MO,INACTIVE / (none) / Canceled,13759,2322759,0.592,1999.0,2014.0,2023.0,13758.0,1971,2013,2025,,Canceled,
MO,INACTIVE / DISSOLVED / Admin Diss/Cancel - Durat,10101,2322759,0.435,1988.0,1998.0,2021.0,10098.0,1971,2013,2025,,Admin Diss/Cancel - Durat,
MO,INACTIVE / DISSOLVED / Admin Dissolved/Cancelled,8810,2322759,0.379,1917.0,1973.0,2014.0,8809.0,1971,2013,2025,,Admin Dissolved/Cancelled,
MO,INACTIVE / (none) / Withdrawn,8015,2322759,0.345,1984.0,2010.0,2022.0,8015.0,1971,2013,2025,,Withdrawn,
MO,INACTIVE / (none) / Expired,6411,2322759,0.276,1997.0,2014.0,2024.0,6411.0,1971,2013,2025,,Expired,
MO,INACTIVE / DISSOLVED / Dissolved Nonprofit,3875,2322759,0.167,1957.0,1980.0,1998.0,2942.0,1971,2013,2025,RETIRED: 95% of filings before 1998 (state median 2013),Dissolved Nonprofit,
MO,INACTIVE / (none) / Accepted Inactive,2617,2322759,0.113,1900.0,1980.0,2010.0,2616.0,1971,2013,2025,,Accepted Inactive,
MO,INACTIVE / (none) / Inactive - Converted,1741,2322759,0.075,1962.0,2008.0,2023.0,1741.0,1971,2013,2025,,Inactive - Converted,
MO,INACTIVE / (none) / Withdrawn by Merger,1030,2322759,0.044,1998.0,2013.0,2022.0,1030.0,1971,2013,2025,,Withdrawn by Merger,
MO,ACTIVE / (none) / (none),954,2322759,0.041,2010.0,2021.0,2022.0,849.0,1971,2013,2025,,(none),
MO,INACTIVE / PENDING_ACTIVE / In Process,502,2322759,0.022,2019.0,2020.0,2024.0,365.0,1971,2013,2025,,In Process,INACTIVE+PENDING_ACTIVE is a valid combo (filing not yet effective): CONFLICT flag removed
MO,INACTIVE / (none) / Inactive - Consolidated,326,2322759,0.014,1882.0,1949.0,2001.0,315.0,1971,2013,2025,RETIRED: 95% of filings before 2001 (state median 2013),Inactive - Consolidated,
MO,INACTIVE / DISSOLVED / Ordered Dissolved,182,2322759,0.008,1886.0,1959.0,2006.0,181.0,1971,2013,2025,RARE: <0.01% of state,Ordered Dissolved,
MO,INACTIVE / (none) / Non-Qualified,143,2322759,0.006,1982.0,2016.0,2025.0,143.0,1971,2013,2025,RARE: <0.01% of state,Non-Qualified,
MO,UNKNOWN / (none) / (none),85,2322759,0.004,2020.0,2021.0,2022.0,83.0,1971,2013,2025,RARE: <0.01% of state,(none),
MO,INACTIVE / DISSOLVED / Dissolved,40,2322759,0.002,1886.0,1963.0,2015.0,40.0,1971,2013,2025,RARE: <0.01% of state,Dissolved,
MO,INACTIVE / (none) / Inactive,19,2322759,0.001,1888.0,2001.0,2018.0,17.0,1971,2013,2025,RARE: <0.01% of state,Inactive,
MO,ACTIVE / (none) / Fictitious Active,7,2322759,0.0,2019.0,2023.0,2025.0,7.0,1971,2013,2025,RARE: <0.01% of state,Fictitious Active,
MO,INACTIVE / (none) / Acceptance Inactive,4,2322759,0.0,1945.0,1970.0,2013.0,4.0,1971,2013,2025,RARE: <0.01% of state,Acceptance Inactive,
MO,INACTIVE / (none) / Fictitious Expired,2,2322759,0.0,2004.0,2004.0,2014.0,2.0,1971,2013,2025,RARE: <0.01% of state,Fictitious Expired,
MS,INACTIVE / DISSOLVED / Dissolved,420542,993552,42.327,1970.0,2009.0,2023.0,420540.0,1969,2015,2025,,Dissolved,
MS,ACTIVE / GOOD_STANDING / Good,337059,993552,33.925,1985.0,2020.0,2026.0,337059.0,1969,2015,2025,,Good,
MS,ACTIVE / PENDING_INACTIVE / IntentToDissolveAnnualReport,86048,993552,8.661,2009.0,2022.0,2025.0,86048.0,1969,2015,2025,,IntentToDissolveAnnualReport,
MS,INACTIVE / (none) / Revoked,35067,993552,3.529,1966.0,1997.0,2022.0,35065.0,1969,2015,2025,,Revoked,
MS,ACTIVE / GOOD_STANDING / Good Standing,20499,993552,2.063,1977.0,2014.0,2020.0,20499.0,1969,2015,2025,,Good Standing,
MS,UNKNOWN / (none) / (none),19942,993552,2.007,1946.0,1987.0,2007.0,19942.0,1969,2015,2025,,(none),
MS,INACTIVE / (none) / Withdrawn,14242,993552,1.433,1995.0,2014.0,2023.0,14242.0,1969,2015,2025,,Withdrawn,
MS,UNKNOWN / (none) / Undefined,12687,993552,1.277,1954.0,1986.0,2008.0,12687.0,1969,2015,2025,,Undefined,
MS,INACTIVE / (none) / Cancelled,9535,993552,0.96,1957.0,1989.0,2008.0,9535.0,1969,2015,2025,,Cancelled,
MS,ACTIVE / PENDING_INACTIVE / Intent To Dissolve - Failure to File Annual Report,9513,993552,0.957,2014.0,2019.0,2019.0,9513.0,1969,2015,2025,,Intent To Dissolve - Failure to File Annual Report,
MS,INACTIVE / (none) / InActive,9379,993552,0.944,1900.0,1926.0,2003.0,9379.0,1969,2015,2025,RETIRED: 95% of filings before 2003 (state median 2015),InActive,
MS,INACTIVE / (none) / Merged,8294,993552,0.835,1949.0,1979.0,2015.0,8294.0,1969,2015,2025,,Merged,
MS,INACTIVE / (none) / Canceled,6324,993552,0.637,1937.0,1989.0,2008.0,6324.0,1969,2015,2025,,Canceled,
MS,ACTIVE / PENDING_INACTIVE / IntentToDissolveAnnualReport_RegisteredAgent,1375,993552,0.138,2012.0,2024.0,2025.0,1375.0,1969,2015,2025,,IntentToDissolveAnnualReport_RegisteredAgent,
MS,INACTIVE / (none) / Expired,1074,993552,0.108,2011.0,2019.0,2025.0,1074.0,1969,2015,2025,,Expired,
MS,INACTIVE / DISSOLVED / AdministrativelyDissolved,571,993552,0.057,1918.0,2013.0,2020.0,571.0,1969,2015,2025,,AdministrativelyDissolved,
MS,INACTIVE / (none) / WithdrawnByMerger,453,993552,0.046,1978.0,2000.0,2009.0,453.0,1969,2015,2025,,WithdrawnByMerger,
MS,ACTIVE / PENDING_INACTIVE / IntentToDissolveRegisteredAgent,292,993552,0.029,2006.0,2021.0,2025.0,292.0,1969,2015,2025,,IntentToDissolveRegisteredAgent,
MS,ACTIVE / PENDING_INACTIVE / IntentToDissolveTax,252,993552,0.025,1970.0,2012.0,2024.0,252.0,1969,2015,2025,,IntentToDissolveTax,
MS,INACTIVE / (none) / Withdrawn By Merger,192,993552,0.019,1983.0,2001.0,2011.0,192.0,1969,2015,2025,,Withdrawn By Merger,
MS,"UNKNOWN / (none) / Intent To Dissolve - Failure to File Annual Report and no Registered Agent""",80,993552,0.008,1960.0,2019.0,2019.0,80.0,1969,2015,2025,RARE: <0.01% of state,"Intent To Dissolve - Failure to File Annual Report and no Registered Agent""",
MS,ACTIVE / PENDING_INACTIVE / Intent To Dissolve - Tax,55,993552,0.006,1988.0,2002.0,2017.0,55.0,1969,2015,2025,RARE: <0.01% of state,Intent To Dissolve - Tax,
MS,ACTIVE / (none) / NameChange,23,993552,0.002,1936.0,1968.0,1984.0,23.0,1969,2015,2025,RARE: <0.01% of state,NameChange,
MS,INACTIVE / DISSOLVED / Administratively Dissolved,18,993552,0.002,1998.0,2015.0,2017.0,18.0,1969,2015,2025,RARE: <0.01% of state,Administratively Dissolved,
MS,INACTIVE / PENDING_ACTIVE / Name Reserved,15,993552,0.002,1939.0,2004.0,2006.0,15.0,1969,2015,2025,RARE: <0.01% of state,Name Reserved,INACTIVE+PENDING_ACTIVE is a valid combo (filing not yet effective): CONFLICT flag removed
MS,INACTIVE / (none) / NameReserved,14,993552,0.001,1943.0,1984.0,2004.0,14.0,1969,2015,2025,RARE: <0.01% of state,NameReserved,
MS,ACTIVE / (none) / Active,2,993552,0.0,2021.0,2021.0,2021.0,2.0,1969,2015,2025,RARE: <0.01% of state,Active,
MS,ACTIVE / PENDING_INACTIVE / Intent To Dissolve - No Registered Agent,2,993552,0.0,2013.0,2013.0,2015.0,2.0,1969,2015,2025,RARE: <0.01% of state,Intent To Dissolve - No Registered Agent,
MS,UNKNOWN / (none) / NotFound,2,993552,0.0,1913.0,1913.0,2017.0,2.0,1969,2015,2025,RARE: <0.01% of state,NotFound,
MS,ACTIVE / PENDING_INACTIVE / IntentToDissolve,1,993552,0.0,2024.0,2024.0,2024.0,1.0,1969,2015,2025,RARE: <0.01% of state,IntentToDissolve,
MT,ACTIVE / GOOD_STANDING / Active-Good Standing,414005,763061,54.256,1995.0,2022.0,2026.0,414003.0,1959,2016,2026,,Active-Good Standing,
MT,INACTIVE / DISSOLVED / Involuntary Dissolution,186969,763061,24.502,1966.0,2007.0,2021.0,186969.0,1959,2016,2026,,Involuntary Dissolution,
MT,INACTIVE / DISSOLVED / Inactive-Voluntary Dissolution,59024,763061,7.735,1938.0,2012.0,2024.0,59024.0,1959,2016,2026,,Inactive-Voluntary Dissolution,
MT,INACTIVE / (none) / Inactive-Revoked,44913,763061,5.886,1961.0,1997.0,2017.0,44913.0,1959,2016,2026,,Inactive-Revoked,
MT,INACTIVE / (none) / Voluntary Withdrawal,22641,763061,2.967,1926.0,1993.0,2017.0,22641.0,1959,2016,2026,,Voluntary Withdrawal,
MT,INACTIVE / (none) / Inactive Expired,21351,763061,2.798,1890.0,1917.0,2013.0,21351.0,1959,2016,2026,,Inactive Expired,
MT,INACTIVE / (none) / Inactive-Partnership Expired,4162,763061,0.545,1977.0,1998.0,2014.0,4162.0,1959,2016,2026,,Inactive-Partnership Expired,
MT,INACTIVE / (none) / Inactive-Merged,3529,763061,0.462,1919.0,1974.0,2013.0,3529.0,1959,2016,2026,,Inactive-Merged,
MT,INACTIVE / (none) / Inactive-Cancelled,3427,763061,0.449,1981.0,2005.0,2023.0,3427.0,1959,2016,2026,,Inactive-Cancelled,
MT,INACTIVE / (none) / (none),1507,763061,0.197,1883.0,1954.0,2022.0,1507.0,1959,2016,2026,,(none),
MT,INACTIVE / (none) / Inactive-Merged out to Unqualified Entity,893,763061,0.117,1933.0,1985.0,2018.0,893.0,1959,2016,2026,,Inactive-Merged out to Unqualified Entity,
MT,INACTIVE / DISSOLVED / Inactive-Court Dissolution,388,763061,0.051,1905.0,1922.0,1962.0,388.0,1959,2016,2026,RETIRED: 95% of filings before 1962 (state median 2016),Inactive-Court Dissolution,
MT,ACTIVE / (none) / Active-Suspended,181,763061,0.024,1969.0,2002.0,2016.0,181.0,1959,2016,2026,,Active-Suspended,
MT,ACTIVE / PENDING_INACTIVE / Active-Statement of Intent,20,763061,0.003,2020.0,2023.0,2026.0,20.0,1959,2016,2026,RARE: <0.01% of state,Active-Statement of Intent,
MT,ACTIVE / GOOD_STANDING / Active Good Standing,18,763061,0.002,1998.0,2018.0,2020.0,18.0,1959,2016,2026,RARE: <0.01% of state,Active Good Standing,
MT,INACTIVE / (none) / Inactive-Pending Reinstatement,11,763061,0.001,1986.0,2009.0,2021.0,11.0,1959,2016,2026,RARE: <0.01% of state,Inactive-Pending Reinstatement,
MT,ACTIVE / (none) / Active-Pending Renewal,9,763061,0.001,1992.0,2008.0,2019.0,9.0,1959,2016,2026,RARE: <0.01% of state,Active-Pending Renewal,
MT,UNKNOWN / (none) / Inactive-Domesticated,4,763061,0.001,2021.0,2023.0,2025.0,4.0,1959,2016,2026,RARE: <0.01% of state,Inactive-Domesticated,
MT,ACTIVE / (none) / (none),2,763061,0.0,2017.0,2017.0,2021.0,2.0,1959,2016,2026,RARE: <0.01% of state,(none),
MT,INACTIVE / (none) / Inactive-Removed,2,763061,0.0,2018.0,2018.0,2019.0,2.0,1959,2016,2026,RARE: <0.01% of state,Inactive-Removed,
MT,UNKNOWN / (none) / Inactive-Converted,2,763061,0.0,2024.0,2024.0,2024.0,2.0,1959,2016,2026,RARE: <0.01% of state,Inactive-Converted,
MT,INACTIVE / (none) / Inactive Removed,1,763061,0.0,2010.0,2010.0,2010.0,1.0,1959,2016,2026,RARE: <0.01% of state,Inactive Removed,
MT,INACTIVE / (none) / Inactive-Disassociation of Manager,1,763061,0.0,1996.0,1996.0,1996.0,1.0,1959,2016,2026,RARE: <0.01% of state,Inactive-Disassociation of Manager,
MT,UNKNOWN / (none) / Inactive-Void,1,763061,0.0,2025.0,2025.0,2025.0,1.0,1959,2016,2026,RARE: <0.01% of state,Inactive-Void,
NC,ACTIVE / GOOD_STANDING / Current-Active,1063277,2884628,36.86,1991.0,2021.0,2026.0,1063211.0,1983,2016,2026,,Current-Active,
NC,INACTIVE / DISSOLVED / Admin. Dissolved,800674,2884628,27.757,2000.0,2019.0,2024.0,800651.0,1983,2016,2026,,Admin. Dissolved,
NC,INACTIVE / (none) / Multiple,372837,2884628,12.925,1976.0,1997.0,2014.0,372823.0,1983,2016,2026,,Multiple,
NC,INACTIVE / DISSOLVED / Dissolved,352050,2884628,12.204,1982.0,2010.0,2024.0,352017.0,1983,2016,2026,,Dissolved,
NC,ACTIVE / NOT_GOOD_STANDING / Active-Not Current,80935,2884628,2.806,2006.0,2025.0,2025.0,80930.0,1983,2016,2026,,Active-Not Current,
NC,INACTIVE / (none) / Withdrawn,68088,2884628,2.36,1984.0,2007.0,2022.0,68078.0,1983,2016,2026,,Withdrawn,
NC,INACTIVE / (none) / Revoked,49062,2884628,1.701,1991.0,2014.0,2023.0,49060.0,1983,2016,2026,,Revoked,
NC,INACTIVE / (none) / Converted,17018,2884628,0.59,1991.0,2011.0,2024.0,17012.0,1983,2016,2026,,Converted,
NC,INACTIVE / DISSOLVED / Auto Dissolve,16763,2884628,0.581,1964.0,1977.0,1980.0,16763.0,1983,2016,2026,RETIRED: 95% of filings before 1980 (state median 2016),Auto Dissolve,
NC,INACTIVE / (none) / Merged,16453,2884628,0.57,1958.0,1993.0,2017.0,16414.0,1983,2016,2026,,Merged,
NC,INACTIVE / (none) / Suspended,13730,2884628,0.476,1978.0,2003.0,2012.0,13726.0,1983,2016,2026,,Suspended,
NC,INACTIVE / (none) / Withdrawn by Merger,12061,2884628,0.418,1977.0,2004.0,2021.0,11986.0,1983,2016,2026,,Withdrawn by Merger,
NC,INACTIVE / (none) / Cancelled,6765,2884628,0.235,1983.0,1999.0,2021.0,6752.0,1983,2016,2026,,Cancelled,
NC,INACTIVE / (none) / PA Suspended,5993,2884628,0.208,1986.0,2012.0,2023.0,5987.0,1983,2016,2026,,PA Suspended,
NC,ACTIVE / NOT_GOOD_STANDING / Active/Failure to Pay Fee,2593,2884628,0.09,2010.0,2025.0,2026.0,2593.0,1983,2016,2026,,Active/Failure to Pay Fee,
NC,INACTIVE / (none) / Admin Cancelled,2537,2884628,0.088,2020.0,2024.0,2025.0,2527.0,1983,2016,2026,,Admin Cancelled,
NC,INACTIVE / (none) / Failure to Pay Fee,2156,2884628,0.075,2017.0,2025.0,2026.0,1982.0,1983,2016,2026,,Failure to Pay Fee,
NC,INACTIVE / (none) / Expired,1234,2884628,0.043,1993.0,1995.0,1998.0,1050.0,1983,2016,2026,RETIRED: 95% of filings before 1998 (state median 2016),Expired,
NC,INACTIVE / (none) / Consolidated,118,2884628,0.004,1929.0,1974.0,1992.0,118.0,1983,2016,2026,RETIRED: 95% of filings before 1992 (state median 2016); RARE: <0.01% of state,Consolidated,
NC,ACTIVE / NOT_GOOD_STANDING / Active-On Notice,84,2884628,0.003,2001.0,2025.0,2026.0,84.0,1983,2016,2026,RARE: <0.01% of state,Active-On Notice,
NC,INACTIVE / (none) / Not Registered,77,2884628,0.003,1919.0,1996.0,2025.0,31.0,1983,2016,2026,RARE: <0.01% of state,Not Registered,
NC,ACTIVE / (none) / (none),37,2884628,0.001,1976.0,2018.0,2021.0,36.0,1983,2016,2026,RARE: <0.01% of state,(none),
NC,INACTIVE / DISSOLVED / Judicial Dissolution,37,2884628,0.001,1963.0,2003.0,2021.0,37.0,1983,2016,2026,RARE: <0.01% of state,Judicial Dissolution,
NC,INACTIVE / (none) / (none),19,2884628,0.001,1938.0,2003.0,2021.0,19.0,1983,2016,2026,RARE: <0.01% of state,(none),
NC,INACTIVE / (none) / Certification,7,2884628,0.0,1997.0,2015.0,2025.0,7.0,1983,2016,2026,RARE: <0.01% of state,Certification,
NC,INACTIVE / DISSOLVED / Court Ordered Dissolution,7,2884628,0.0,1979.0,1994.0,2007.0,7.0,1983,2016,2026,RARE: <0.01% of state,Court Ordered Dissolution,
NC,INACTIVE / (none) / To Foreign Ins.,6,2884628,0.0,1972.0,1981.0,2018.0,6.0,1983,2016,2026,RARE: <0.01% of state,To Foreign Ins.,
NC,ACTIVE / (none) / Current-Active,4,2884628,0.0,2017.0,2023.0,2023.0,4.0,1983,2016,2026,RARE: <0.01% of state,Current-Active,
NC,ACTIVE / (none) / Current-Active AR Error,2,2884628,0.0,1997.0,1997.0,2007.0,2.0,1983,2016,2026,RARE: <0.01% of state,Current-Active AR Error,
NC,INACTIVE / (none) / Revoked Licensing Board,2,2884628,0.0,1990.0,1990.0,2004.0,2.0,1983,2016,2026,RARE: <0.01% of state,Revoked Licensing Board,
NC,INACTIVE / (none) / Vol. Surrender,1,2884628,0.0,2010.0,2010.0,2010.0,1.0,1983,2016,2026,RARE: <0.01% of state,Vol. Surrender,
NC,INACTIVE / PENDING_INACTIVE / Applied To Withdraw,1,2884628,0.0,2005.0,2005.0,2005.0,1.0,1983,2016,2026,RARE: <0.01% of state,Applied To Withdraw,
ND,ACTIVE / GOOD_STANDING / Active,148248,398400,37.211,1992.0,2021.0,2026.0,148248.0,1983,2013,2025,,Active,
ND,INACTIVE / (none) / Inactive - Involuntary,118678,398400,29.789,1972.0,2011.0,2023.0,118678.0,1983,2013,2025,,Inactive - Involuntary,
ND,INACTIVE / (none) / Inactive - Expired,71065,398400,17.838,1990.0,2010.0,2020.0,71065.0,1983,2013,2025,,Inactive - Expired,
ND,INACTIVE / (none) / Inactive - Voluntary,52022,398400,13.058,1983.0,2009.0,2022.0,52022.0,1983,2013,2025,,Inactive - Voluntary,
ND,INACTIVE / (none) / Inactive - Merged,5049,398400,1.267,1952.0,1997.0,2017.0,5049.0,1983,2013,2025,,Inactive - Merged,
ND,ACTIVE / NOT_GOOD_STANDING / Active,2735,398400,0.686,1992.0,2020.0,2025.0,2735.0,1983,2013,2025,,Active,
ND,INACTIVE / (none) / Inactive - Converted Out,407,398400,0.102,1991.0,2003.0,2018.0,407.0,1983,2013,2025,,Inactive - Converted Out,
ND,INACTIVE / (none) / Inactive - Domesticated,87,398400,0.022,1996.0,2016.0,2024.0,87.0,1983,2013,2025,,Inactive - Domesticated,
ND,INACTIVE / (none) / Inactive - Consolidated,82,398400,0.021,1893.0,1924.0,1988.0,82.0,1983,2013,2025,,Inactive - Consolidated,
ND,INACTIVE / (none) / Inactive - Terminated by Order,24,398400,0.006,1958.0,2015.0,2020.0,24.0,1983,2013,2025,RARE: <0.01% of state,Inactive - Terminated by Order,
ND,INACTIVE / (none) / Inactive - Cancelled,2,398400,0.001,2014.0,2014.0,2024.0,2.0,1983,2013,2025,RARE: <0.01% of state,Inactive - Cancelled,
ND,INACTIVE / (none) / Inactive - Void Filing Error,1,398400,0.0,2026.0,2026.0,2026.0,1.0,1983,2013,2025,RARE: <0.01% of state,Inactive - Void Filing Error,
NE,INACTIVE / (none) / Inactive,269928,496001,54.421,1973.0,2004.0,2022.0,269928.0,1975,2012,2025,,Inactive,
NE,ACTIVE / (none) / Active,225299,496001,45.423,1983.0,2019.0,2026.0,225299.0,1975,2012,2025,,Active,
NE,INACTIVE / (none) / Suspended,774,496001,0.156,2002.0,2022.0,2025.0,774.0,1975,2012,2025,,Suspended,
NH,ACTIVE / GOOD_STANDING / Good Standing,168532,539805,31.221,1992.0,2020.0,2026.0,168530.0,1969,2011,2025,,Good Standing,
NH,INACTIVE / DISSOLVED / Dissolved,95245,539805,17.644,1967.0,1994.0,2021.0,94413.0,1969,2011,2025,,Dissolved,
NH,INACTIVE / DISSOLVED / Admin Dissolution,80754,539805,14.96,1925.0,2003.0,2013.0,80741.0,1969,2011,2025,,Admin Dissolution,
NH,INACTIVE / DISSOLVED / Administratively Dissolved,50435,539805,9.343,1996.0,2016.0,2021.0,50435.0,1969,2011,2025,,Administratively Dissolved,
NH,INACTIVE / DISSOLVED / Administratively Dissolved Name Protection,27500,539805,5.094,2003.0,2022.0,2024.0,27500.0,1969,2011,2025,,Administratively Dissolved Name Protection,status UNKNOWN->INACTIVE (dissolved)
NH,INACTIVE / (none) / Admin. Suspension,26113,539805,4.837,1974.0,1999.0,2012.0,26112.0,1969,2011,2025,,Admin. Suspension,
NH,INACTIVE / (none) / Rejected,15176,539805,2.811,2017.0,2021.0,2024.0,15176.0,1969,2011,2025,,Rejected,
NH,INACTIVE / (none) / Hold,13451,539805,2.492,2024.0,2026.0,2026.0,13451.0,1969,2011,2025,NEW: 95% of filings after 2024,Hold,
NH,INACTIVE / (none) / Withdrawn,10729,539805,1.988,1966.0,2002.0,2020.0,10726.0,1969,2011,2025,,Withdrawn,
NH,INACTIVE / (none) / Administratively Suspended,9339,539805,1.73,1999.0,2016.0,2022.0,9339.0,1969,2011,2025,,Administratively Suspended,
NH,INACTIVE / DISSOLVED / Admin Diss LLP-CC-NP,9029,539805,1.673,1904.0,1984.0,2011.0,8937.0,1969,2011,2025,,Admin Diss LLP-CC-NP,
NH,INACTIVE / (none) / Merged,7638,539805,1.415,1958.0,1992.0,2019.0,7620.0,1969,2011,2025,,Merged,
NH,UNKNOWN / (none) / Reserved Name Expired,7552,539805,1.399,2005.0,2015.0,2025.0,7552.0,1969,2011,2025,,Reserved Name Expired,
NH,INACTIVE / (none) / Administratively Suspended Name Protection,4431,539805,0.821,2002.0,2021.0,2025.0,4431.0,1969,2011,2025,,Administratively Suspended Name Protection,
NH,ACTIVE / (none) / Active,3670,539805,0.68,1969.0,1996.0,2023.0,3317.0,1969,2011,2025,,Active,
NH,INACTIVE / (none) / Withdrawn by Merger,2566,539805,0.475,1970.0,1997.0,2010.0,2565.0,1969,2011,2025,,Withdrawn by Merger,
NH,INACTIVE / (none) / Expired,1847,539805,0.342,1982.0,1986.0,2011.0,1069.0,1969,2011,2025,,Expired,
NH,ACTIVE / NOT_GOOD_STANDING / Not In Good Standing,1768,539805,0.328,1991.0,2021.0,2024.0,1766.0,1969,2011,2025,,Not In Good Standing,
NH,UNKNOWN / (none) / Rejection Name Protected,1342,539805,0.249,2024.0,2026.0,2026.0,1342.0,1969,2011,2025,NEW: 95% of filings after 2024,Rejection Name Protected,
NH,INACTIVE / (none) / Non-Qualified,633,539805,0.117,2004.0,2019.0,2025.0,633.0,1969,2011,2025,,Non-Qualified,
NH,INACTIVE / DISSOLVED / Dissolved Name Protected,582,539805,0.108,1980.0,2011.0,2025.0,582.0,1969,2011,2025,,Dissolved Name Protected,status UNKNOWN->INACTIVE (dissolved)
NH,INACTIVE / (none) / Inactive,349,539805,0.065,1900.0,1983.0,2000.0,327.0,1969,2011,2025,RETIRED: 95% of filings before 2000 (state median 2011),Inactive,
NH,INACTIVE / (none) / Surrendered,263,539805,0.049,1984.0,2015.0,2023.0,263.0,1969,2011,2025,,Surrendered,
NH,INACTIVE / (none) / Creation Inactive,179,539805,0.033,1985.0,2005.0,2019.0,179.0,1969,2011,2025,,Creation Inactive,
NH,ACTIVE / PENDING_INACTIVE / Pending Dissolution,152,539805,0.028,1995.0,2019.0,2024.0,152.0,1969,2011,2025,,Pending Dissolution,
NH,UNKNOWN / (none) / Reserved Name,139,539805,0.026,2025.0,2026.0,2026.0,138.0,1969,2011,2025,NEW: 95% of filings after 2025,Reserved Name,
NH,UNKNOWN / (none) / Reserved Name Cancelled,116,539805,0.021,2016.0,2019.0,2026.0,116.0,1969,2011,2025,,Reserved Name Cancelled,
NH,INACTIVE / (none) / Forfeited,82,539805,0.015,1831.0,1924.0,2016.0,57.0,1969,2011,2025,,Forfeited,
NH,INACTIVE / (none) / Transaction Inactive,79,539805,0.015,2004.0,2024.0,2026.0,79.0,1969,2011,2025,,Transaction Inactive,
NH,INACTIVE / (none) / Acceptance Inactive,36,539805,0.007,1999.0,2014.0,2024.0,36.0,1969,2011,2025,RARE: <0.01% of state,Acceptance Inactive,
NH,ACTIVE / (none) / Domesticated,14,539805,0.003,1923.0,2006.0,2014.0,14.0,1969,2011,2025,RARE: <0.01% of state,Domesticated,
NH,ACTIVE / PENDING_INACTIVE / Pending Merged,13,539805,0.002,1993.0,2016.0,2026.0,13.0,1969,2011,2025,RARE: <0.01% of state,Pending Merged,
NH,UNKNOWN / (none) / Converted,12,539805,0.002,1855.0,1991.0,2003.0,12.0,1969,2011,2025,RARE: <0.01% of state,Converted,
NH,INACTIVE / PENDING_ACTIVE / Future Effective,7,539805,0.001,1985.0,2022.0,2026.0,7.0,1969,2011,2025,RARE: <0.01% of state,Future Effective,status UNKNOWN->INACTIVE (pending activation)
NH,INACTIVE / (none) / Consolidated Inactive,7,539805,0.001,1965.0,1983.0,1989.0,6.0,1969,2011,2025,RARE: <0.01% of state,Consolidated Inactive,
NH,INACTIVE / PENDING_ACTIVE / InProcess,7,539805,0.001,1998.0,2016.0,2017.0,7.0,1969,2011,2025,RARE: <0.01% of state,InProcess,status UNKNOWN->INACTIVE (pending activation)
NH,ACTIVE / PENDING_INACTIVE / Pending Merger,5,539805,0.001,2010.0,2018.0,2025.0,5.0,1969,2011,2025,RARE: <0.01% of state,Pending Merger,
NH,INACTIVE / (none) / Reserved Name Expired,3,539805,0.001,2006.0,2013.0,2014.0,3.0,1969,2011,2025,RARE: <0.01% of state,Reserved Name Expired,
NH,INACTIVE / DISSOLVED / Parent/Owner Dissolved,2,539805,0.0,1980.0,1980.0,1987.0,2.0,1969,2011,2025,RARE: <0.01% of state,Parent/Owner Dissolved,
NH,ACTIVE / (none) / Consolidated,2,539805,0.0,1942.0,1942.0,1944.0,2.0,1969,2011,2025,RARE: <0.01% of state,Consolidated,
NH,ACTIVE / (none) / Pending Domestication,2,539805,0.0,2014.0,2014.0,2023.0,2.0,1969,2011,2025,RARE: <0.01% of state,Pending Domestication,
NH,INACTIVE / (none) / Converted,1,539805,0.0,,,,0.0,1969,2011,2025,RARE: <0.01% of state,Converted,
NH,INACTIVE / (none) / Non-Registered,1,539805,0.0,2011.0,2011.0,2011.0,1.0,1969,2011,2025,RARE: <0.01% of state,Non-Registered,
NH,INACTIVE / (none) / Terminated,1,539805,0.0,2024.0,2024.0,2024.0,1.0,1969,2011,2025,RARE: <0.01% of state,Terminated,
NH,INACTIVE / (none) / Objection,1,539805,0.0,2004.0,2004.0,2004.0,1.0,1969,2011,2025,RARE: <0.01% of state,Objection,
NJ,UNKNOWN / (none) / (none),3808933,3808933,100.0,1973.0,2011.0,2025.0,3808077.0,1973,2011,2025,,(none),
NM,ACTIVE / (none) / Active,488091,727736,67.07,2000.0,2020.0,2026.0,488091.0,1969,2015,2026,,Active,
NM,INACTIVE / (none) / Revoked Final,122231,727736,16.796,1960.0,1991.0,2014.0,122231.0,1969,2015,2026,,Revoked Final,
NM,INACTIVE / DISSOLVED / Dissolved,26721,727736,3.672,1985.0,2016.0,2025.0,26721.0,1969,2015,2026,,Dissolved,
NM,INACTIVE / DISSOLVED / Voluntary Dissolution,24162,727736,3.32,1900.0,1992.0,2012.0,24162.0,1969,2015,2026,,Voluntary Dissolution,
NM,INACTIVE / (none) / Withdrawal,12631,727736,1.736,1934.0,1986.0,2008.0,12631.0,1969,2015,2026,,Withdrawal,
NM,INACTIVE / (none) / Merged,10041,727736,1.38,1952.0,1987.0,2012.0,10041.0,1969,2015,2026,,Merged,
NM,INACTIVE / (none) / Revoked,8416,727736,1.156,1995.0,2019.0,2025.0,8416.0,1969,2015,2026,,Revoked,
NM,INACTIVE / (none) / Cancelled,7817,727736,1.074,1991.0,2010.0,2021.0,7817.0,1969,2015,2026,,Cancelled,
NM,INACTIVE / (none) / Existence Expired,6731,727736,0.925,1889.0,1925.0,1998.0,6731.0,1969,2015,2026,RETIRED: 95% of filings before 1998 (state median 2015),Existence Expired,
NM,INACTIVE / (none) / Involuntarily Stricken,4187,727736,0.575,1955.0,1969.0,1974.0,4187.0,1969,2015,2026,RETIRED: 95% of filings before 1974 (state median 2015),Involuntarily Stricken,
NM,ACTIVE / PENDING_INACTIVE / Statement Of Intent To Dissolve,4086,727736,0.561,1963.0,1989.0,2012.0,4086.0,1969,2015,2026,,Statement Of Intent To Dissolve,
NM,ACTIVE / (none) / New Corporation,2886,727736,0.397,1953.0,2015.0,2024.0,2886.0,1969,2015,2026,,New Corporation,
NM,INACTIVE / (none) / Final Report,2379,727736,0.327,1981.0,2006.0,2020.0,2379.0,1969,2015,2026,,Final Report,
NM,INACTIVE / (none) / Cancellation Of Registration,1666,727736,0.229,2000.0,2009.0,2025.0,1666.0,1969,2015,2026,,Cancellation Of Registration,
NM,INACTIVE / (none) / Withdrawn,1534,727736,0.211,1987.0,2010.0,2019.0,1534.0,1969,2015,2026,,Withdrawn,
NM,UNKNOWN / (none) / Process Of Appeal,1364,727736,0.187,1900.0,1938.0,1955.0,1364.0,1969,2015,2026,RETIRED: 95% of filings before 1955 (state median 2015),Process Of Appeal,
NM,INACTIVE / (none) / Expired,822,727736,0.113,2025.0,2025.0,2026.0,822.0,1969,2015,2026,,Expired,
NM,INACTIVE / (none) / Merged Out of Existence,534,727736,0.073,1982.0,2012.0,2021.0,534.0,1969,2015,2026,,Merged Out of Existence,
NM,INACTIVE / (none) / Pending Initial Report,330,727736,0.045,2025.0,2026.0,2026.0,330.0,1969,2015,2026,,Pending Initial Report,
NM,ACTIVE / (none) / Bankruptcy-Receivership,223,727736,0.031,1913.0,1975.0,2001.0,223.0,1969,2015,2026,RETIRED: 95% of filings before 2001 (state median 2015),Bankruptcy-Receivership,
NM,INACTIVE / (none) / Suspension,174,727736,0.024,1978.0,2006.0,2021.0,174.0,1969,2015,2026,,Suspension,
NM,INACTIVE / (none) / Conversion,136,727736,0.019,1968.0,1998.0,2011.0,136.0,1969,2015,2026,,Conversion,
NM,INACTIVE / (none) / Exempt,121,727736,0.017,1953.0,1997.0,2014.0,121.0,1969,2015,2026,,Exempt,
NM,INACTIVE / (none) / Consolidated,111,727736,0.015,1892.0,1958.0,1988.0,111.0,1969,2015,2026,RETIRED: 95% of filings before 1988 (state median 2015),Consolidated,
NM,INACTIVE / (none) / Registered,56,727736,0.008,2024.0,2025.0,2026.0,56.0,1969,2015,2026,RARE: <0.01% of state,Registered,
NM,UNKNOWN / (none) / Non-Filer,54,727736,0.007,2001.0,2011.0,2011.0,54.0,1969,2015,2026,RARE: <0.01% of state,Non-Filer,
NM,INACTIVE / DISSOLVED / Admin Dissolution,49,727736,0.007,1988.0,2000.0,2012.0,49.0,1969,2015,2026,RARE: <0.01% of state,Admin Dissolution,
NM,INACTIVE / PENDING_ACTIVE / Future Effective,37,727736,0.005,2024.0,2025.0,2025.0,37.0,1969,2015,2026,RARE: <0.01% of state,Future Effective,INACTIVE+PENDING_ACTIVE is a valid combo (filing not yet effective): CONFLICT flag removed
NM,INACTIVE / (none) / Returned Report,36,727736,0.005,1959.0,2000.0,2007.0,36.0,1969,2015,2026,RARE: <0.01% of state,Returned Report,
NM,INACTIVE / (none) / Forfeited,34,727736,0.005,1946.0,2015.0,2022.0,34.0,1969,2015,2026,RARE: <0.01% of state,Forfeited,
NM,INACTIVE / (none) / Administrative Revocation,23,727736,0.003,2025.0,2026.0,2026.0,23.0,1969,2015,2026,RARE: <0.01% of state,Administrative Revocation,
NM,INACTIVE / (none) / Inactive,17,727736,0.002,1952.0,2020.0,2022.0,17.0,1969,2015,2026,RARE: <0.01% of state,Inactive,
NM,INACTIVE / DISSOLVED / Statement Of Intent To Dissolve,14,727736,0.002,2024.0,2025.0,2026.0,14.0,1969,2015,2026,RARE: <0.01% of state,Statement Of Intent To Dissolve,
NM,INACTIVE / (none) / Converted,8,727736,0.001,2004.0,2017.0,2023.0,8.0,1969,2015,2026,RARE: <0.01% of state,Converted,
NM,ACTIVE / NOT_GOOD_STANDING / Not In Good Standing,4,727736,0.001,2008.0,2012.0,2012.0,4.0,1969,2015,2026,RARE: <0.01% of state,Not In Good Standing,
NM,ACTIVE / (none) / (none),3,727736,0.0,2011.0,2019.0,2022.0,3.0,1969,2015,2026,RARE: <0.01% of state,(none),
NM,INACTIVE / (none) / Pending Administrative Revocation,3,727736,0.0,2025.0,2026.0,2026.0,3.0,1969,2015,2026,RARE: <0.01% of state,Pending Administrative Revocation,
NM,INACTIVE / (none) / Tax Clearance,3,727736,0.0,1988.0,2011.0,2019.0,3.0,1969,2015,2026,RARE: <0.01% of state,Tax Clearance,
NM,INACTIVE / (none) / Converted Out of Existence,1,727736,0.0,2007.0,2007.0,2007.0,1.0,1969,2015,2026,RARE: <0.01% of state,Converted Out of Existence,
NV,INACTIVE / (none) / Permanently Revoked,794283,1986572,39.983,1995.0,2006.0,2016.0,794283.0,1995,2010,2025,,Permanently Revoked,
NV,ACTIVE / (none) / Active,395882,1986572,19.928,1999.0,2021.0,2026.0,395882.0,1995,2010,2025,,Active,
NV,INACTIVE / DISSOLVED / Dissolved,356470,1986572,17.944,1996.0,2009.0,2022.0,356470.0,1995,2010,2025,,Dissolved,
NV,INACTIVE / (none) / Revoked,180695,1986572,9.096,2007.0,2021.0,2024.0,180695.0,1995,2010,2025,,Revoked,
NV,INACTIVE / (none) / (none),82450,1986572,4.15,1985.0,2008.0,2017.0,82450.0,1995,2010,2025,,(none),
NV,INACTIVE / (none) / Default,54574,1986572,2.747,2006.0,2023.0,2025.0,54574.0,1995,2010,2025,,Default,
NV,INACTIVE / (none) / Cancelled,31989,1986572,1.61,1992.0,2007.0,2022.0,31989.0,1995,2010,2025,,Cancelled,
NV,INACTIVE / (none) / Withdrawn,24761,1986572,1.246,1987.0,2006.0,2022.0,24761.0,1995,2010,2025,,Withdrawn,
NV,INACTIVE / (none) / Merged,19229,1986572,0.968,1976.0,1998.0,2013.0,19229.0,1995,2010,2025,,Merged,
NV,INACTIVE / (none) / Administrative Hold,13287,1986572,0.669,1997.0,2010.0,2026.0,13287.0,1995,2010,2025,,Administrative Hold,
NV,ACTIVE / (none) / (none),12041,1986572,0.606,1997.0,2015.0,2019.0,12041.0,1995,2010,2025,,(none),
NV,INACTIVE / (none) / Converted Out,7054,1986572,0.355,1993.0,2008.0,2022.0,7054.0,1995,2010,2025,,Converted Out,
NV,INACTIVE / (none) / Expired,5286,1986572,0.266,1987.0,1996.0,2008.0,5286.0,1995,2010,2025,,Expired,
NV,INACTIVE / (none) / Terminated,3698,1986572,0.186,1988.0,2008.0,2020.0,3698.0,1995,2010,2025,,Terminated,
NV,INACTIVE / (none) / Merge Dissolved,2307,1986572,0.116,1991.0,2014.0,2024.0,2307.0,1995,2010,2025,,Merge Dissolved,
NV,INACTIVE / (none) / Converted,1808,1986572,0.091,1992.0,2017.0,2024.0,1808.0,1995,2010,2025,,Converted,
NV,INACTIVE / (none) / ILOReject,331,1986572,0.017,2019.0,2021.0,2025.0,331.0,1995,2010,2025,,ILOReject,
NV,INACTIVE / (none) / Removed by Statute,193,1986572,0.01,1962.0,1984.0,1991.0,193.0,1995,2010,2025,RETIRED: 95% of filings before 1991 (state median 2010),Removed by Statute,
NV,INACTIVE / (none) / ILOPending,84,1986572,0.004,2019.0,2020.0,2026.0,84.0,1995,2010,2025,RARE: <0.01% of state,ILOPending,
NV,ACTIVE / PENDING_INACTIVE / Pending Dissolution,63,1986572,0.003,1999.0,2020.0,2025.0,63.0,1995,2010,2025,RARE: <0.01% of state,Pending Dissolution,
NV,INACTIVE / (none) / Deleted,63,1986572,0.003,2019.0,2020.0,2025.0,63.0,1995,2010,2025,RARE: <0.01% of state,Deleted,
NV,ACTIVE / PENDING_INACTIVE / Pending Merger,9,1986572,0.0,1981.0,2004.0,2020.0,9.0,1995,2010,2025,RARE: <0.01% of state,Pending Merger,
NV,ACTIVE / PENDING_INACTIVE / Pending Withdrawal,8,1986572,0.0,2009.0,2019.0,2026.0,8.0,1995,2010,2025,RARE: <0.01% of state,Pending Withdrawal,
NV,ACTIVE / (none) / Registered,5,1986572,0.0,2017.0,2019.0,2024.0,5.0,1995,2010,2025,RARE: <0.01% of state,Registered,
NV,ACTIVE / (none) / Pending,1,1986572,0.0,2026.0,2026.0,2026.0,1.0,1995,2010,2025,RARE: <0.01% of state,Pending,
NV,ACTIVE / (none) / Reserved,1,1986572,0.0,2018.0,2018.0,2018.0,1.0,1995,2010,2025,RARE: <0.01% of state,Reserved,
NY,ACTIVE / (none) / Active,4283002,7196339,59.516,1983.0,2017.0,2025.0,4283001.0,1975,2009,2025,,Active,
NY,INACTIVE / (none) / Inactive,2752947,7196339,38.255,1970.0,1994.0,2017.0,2752945.0,1975,2009,2025,,Inactive,
NY,UNKNOWN / (none) / (none),142859,7196339,1.985,2003.0,2024.0,2026.0,142859.0,1975,2009,2025,,(none),
NY,INACTIVE / (none) / Suspended,8350,7196339,0.116,2000.0,2015.0,2023.0,8350.0,1975,2009,2025,,Suspended,
NY,ACTIVE / (none) / (none),6664,7196339,0.093,2025.0,2026.0,2026.0,6658.0,1975,2009,2025,NEW: 95% of filings after 2025,(none),
NY,INACTIVE / (none) / Active,1638,7196339,0.023,1961.0,2007.0,2024.0,1638.0,1975,2009,2025,,Active,
NY,INACTIVE / (none) / (none),879,7196339,0.012,1985.0,2013.0,2015.0,879.0,1975,2009,2025,,(none),
OH,ACTIVE / (none) / Active,2266181,3275923,69.177,1995.0,2018.0,2026.0,2265996.0,1969,2013,2025,,Active,
OH,INACTIVE / (none) / Dead,479656,3275923,14.642,1930.0,2000.0,2022.0,479656.0,1969,2013,2025,,Dead,
OH,INACTIVE / (none) / Cancelled - Name Reserved,391348,3275923,11.946,1952.0,1985.0,2006.0,391348.0,1969,2013,2025,,Cancelled - Name Reserved,
OH,UNKNOWN / (none) / Unknown,125830,3275923,3.841,1931.0,1998.0,2020.0,125830.0,1969,2013,2025,,Unknown,
OH,INACTIVE / (none) / Cancelled - Name not Reserved,8861,3275923,0.27,1978.0,2019.0,2023.0,8861.0,1969,2013,2025,,Cancelled - Name not Reserved,
OH,INACTIVE / (none) / (none),3123,3275923,0.095,2018.0,2020.0,2022.0,3123.0,1969,2013,2025,,(none),
OH,ACTIVE / (none) / (none),605,3275923,0.018,2019.0,2019.0,2020.0,605.0,1969,2013,2025,,(none),
OH,INACTIVE / (none) / Fraudulent,319,3275923,0.01,2024.0,2025.0,2026.0,319.0,1969,2013,2025,NEW: 95% of filings after 2024,Fraudulent,
OK,ACTIVE / (none) / In Existence,412864,1454675,28.382,1978.0,2019.0,2026.0,412863.0,1954,2012,2025,,In Existence,
OK,INACTIVE / (none) / Cancelled,334090,1454675,22.967,1997.0,2014.0,2021.0,334090.0,1954,2012,2025,,Cancelled,
OK,INACTIVE / (none) / OTC Suspension,226252,1454675,15.553,1966.0,1990.0,2014.0,226251.0,1954,2012,2025,,OTC Suspension,
OK,INACTIVE / (none) / Inactive,167477,1454675,11.513,2001.0,2022.0,2025.0,167476.0,1954,2012,2025,,Inactive,
OK,INACTIVE / DISSOLVED / Dissolved,112122,1454675,7.708,1951.0,2004.0,2023.0,112122.0,1954,2012,2025,,Dissolved,
OK,INACTIVE / (none) / Expired,88814,1454675,6.105,1907.0,1962.0,2016.0,88811.0,1954,2012,2025,,Expired,
OK,INACTIVE / (none) / Withdrawn,43937,1454675,3.02,1929.0,1998.0,2021.0,43935.0,1954,2012,2025,,Withdrawn,
OK,ACTIVE / (none) / Report Notice Sent,21925,1454675,1.507,2003.0,2020.0,2025.0,21925.0,1954,2012,2025,,Report Notice Sent,
OK,INACTIVE / (none) / Merged,17376,1454675,1.194,1948.0,1984.0,2015.0,17375.0,1954,2012,2025,,Merged,
OK,INACTIVE / (none) / Ousted,11475,1454675,0.789,1960.0,1984.0,2018.0,11474.0,1954,2012,2025,,Ousted,
OK,INACTIVE / (none) / Converted,6762,1454675,0.465,1975.0,2005.0,2022.0,6762.0,1954,2012,2025,,Converted,
OK,ACTIVE / NOT_GOOD_STANDING / Past Due Report,4633,1454675,0.318,2009.0,2023.0,2024.0,4633.0,1954,2012,2025,,Past Due Report,
OK,INACTIVE / (none) / Deleted,3408,1454675,0.234,2005.0,2019.0,2025.0,3407.0,1954,2012,2025,,Deleted,
OK,ACTIVE / (none) / RA Notice Sent,2888,1454675,0.199,2006.0,2020.0,2025.0,2888.0,1954,2012,2025,,RA Notice Sent,
OK,INACTIVE / (none) / Terminated,306,1454675,0.021,1977.0,2004.0,2020.0,306.0,1954,2012,2025,,Terminated,
OK,INACTIVE / (none) / Consolidated,203,1454675,0.014,1916.0,1968.0,2004.0,203.0,1954,2012,2025,,Consolidated,
OK,INACTIVE / (none) / Vol. Cancelled,61,1454675,0.004,1973.0,1995.0,2003.0,61.0,1954,2012,2025,RARE: <0.01% of state,Vol. Cancelled,
OK,ACTIVE / PENDING_INACTIVE / Impending Ouster,49,1454675,0.003,1962.0,2009.0,2024.0,49.0,1954,2012,2025,RARE: <0.01% of state,Impending Ouster,
OK,INACTIVE / DISSOLVED / Judicially Dissolved,33,1454675,0.002,1953.0,1995.0,2014.0,33.0,1954,2012,2025,RARE: <0.01% of state,Judicially Dissolved,
OR,INACTIVE / (none) / INACTIVE,997042,1445883,68.957,1983.0,2009.0,2023.0,997042.0,1984,2013,2025,,INACTIVE,
OR,ACTIVE / (none) / ACTIVE,448841,1445883,31.043,1995.0,2021.0,2026.0,448841.0,1984,2013,2025,,ACTIVE,
PA,ACTIVE / GOOD_STANDING / Active,2836162,3274722,86.608,1951.0,2012.0,2025.0,2836162.0,1919,2010,2025,,Active,
PA,ACTIVE / (none) / Active - County Orphan,153947,3274722,4.701,1880.0,1921.0,1967.0,153947.0,1919,2010,2025,RETIRED: 95% of filings before 1967 (state median 2010),Active - County Orphan,
PA,INACTIVE / (none) / Inactive - Withdrawn - Consolidated Inactive,126488,3274722,3.863,1753.0,1967.0,1998.0,126488.0,1919,2010,2025,RETIRED: 95% of filings before 1998 (state median 2010),Inactive - Withdrawn - Consolidated Inactive,
PA,INACTIVE / (none) / Inactive - Cancelled,50708,3274722,1.548,1978.0,2005.0,2016.0,50708.0,1919,2010,2025,,Inactive - Cancelled,
PA,INACTIVE / (none) / Inactive - Terminated,44739,3274722,1.366,2003.0,2018.0,2025.0,44739.0,1919,2010,2025,,Inactive - Terminated,
PA,INACTIVE / (none) / Inactive - Merged Out,17373,3274722,0.531,1956.0,2002.0,2018.0,17373.0,1919,2010,2025,,Inactive - Merged Out,
PA,INACTIVE / DISSOLVED / Inactive - Dissolved,11000,3274722,0.336,1973.0,2012.0,2024.0,11000.0,1919,2010,2025,,Inactive - Dissolved,
PA,ACTIVE / PENDING_INACTIVE / Active - Dissolved,8582,3274722,0.262,2007.0,2021.0,2025.0,8582.0,1919,2010,2025,,Active - Dissolved,ACTIVE+DISSOLVED -> PENDING_INACTIVE (winding up)
PA,INACTIVE / (none) / Inactive - Withdrawn,8366,3274722,0.255,1995.0,2016.0,2024.0,8366.0,1919,2010,2025,,Inactive - Withdrawn,
PA,INACTIVE / (none) / Inactive - Expired,5583,3274722,0.17,1753.0,2004.0,2005.0,5583.0,1919,2010,2025,,Inactive - Expired,
PA,ACTIVE / (none) / Active,5088,3274722,0.155,1985.0,2017.0,2022.0,5088.0,1919,2010,2025,,Active,
PA,ACTIVE / (none) / (none),3442,3274722,0.105,2001.0,2013.0,2017.0,3442.0,1919,2010,2025,,(none),
PA,INACTIVE / (none) / (none),1933,3274722,0.059,1977.0,2004.0,2014.0,1933.0,1919,2010,2025,,(none),
PA,INACTIVE / (none) / Inactive - Revoked,583,3274722,0.018,2009.0,2020.0,2025.0,583.0,1919,2010,2025,,Inactive - Revoked,
PA,INACTIVE / (none) / Inactive - Domesticated Out of PA,333,3274722,0.01,1996.0,2018.0,2024.0,333.0,1919,2010,2025,,Inactive - Domesticated Out of PA,
PA,INACTIVE / (none) / Inactive - Nonqualified,253,3274722,0.008,2015.0,2021.0,2022.0,253.0,1919,2010,2025,RARE: <0.01% of state,Inactive - Nonqualified,
PA,UNKNOWN / (none) / Active - Pending Future Effective Date,89,3274722,0.003,2025.0,2026.0,2026.0,89.0,1919,2010,2025,RARE: <0.01% of state,Active - Pending Future Effective Date,
PA,INACTIVE / (none) / Inactive - Converted Out,16,3274722,0.0,1941.0,2018.0,2025.0,16.0,1919,2010,2025,RARE: <0.01% of state,Inactive - Converted Out,
PA,INACTIVE / (none) / Inactive - Abandoned,13,3274722,0.0,2016.0,2024.0,2026.0,13.0,1919,2010,2025,RARE: <0.01% of state,Inactive - Abandoned,
PA,INACTIVE / (none) / Inactive - No Agent,9,3274722,0.0,2022.0,2025.0,2026.0,9.0,1919,2010,2025,RARE: <0.01% of state,Inactive - No Agent,
PA,UNKNOWN / (none) / Inactive - Administratively Dissolved,7,3274722,0.0,1969.0,1993.0,2005.0,7.0,1919,2010,2025,RARE: <0.01% of state,Inactive - Administratively Dissolved,
PA,UNKNOWN / (none) / (none),5,3274722,0.0,2024.0,2024.0,2025.0,5.0,1919,2010,2025,RARE: <0.01% of state,(none),
PA,INACTIVE / (none) / Inactive - Terminated - Court Order,1,3274722,0.0,1909.0,1909.0,1909.0,1.0,1919,2010,2025,RARE: <0.01% of state,Inactive - Terminated - Court Order,
PA,ACTIVE / PENDING_ACTIVE / Active - Pending Future Effective Date,1,3274722,0.0,2023.0,2023.0,2023.0,1.0,1919,2010,2025,RARE: <0.01% of state,Active - Pending Future Effective Date,
PA,INACTIVE / (none) / Inactive - Administratively Terminated,1,3274722,0.0,2008.0,2008.0,2008.0,1.0,1919,2010,2025,RARE: <0.01% of state,Inactive - Administratively Terminated,
RI,INACTIVE / (none) / Revoked Entity,158419,369664,42.855,1977.0,2003.0,2021.0,158398.0,1978,2010,2025,,Revoked Entity,
RI,ACTIVE / (none) / (none),119175,369664,32.239,1988.0,2019.0,2026.0,119160.0,1978,2010,2025,,(none),
RI,INACTIVE / DISSOLVED / Dissolved,33727,369664,9.124,1971.0,2007.0,2023.0,33713.0,1978,2010,2025,,Dissolved,
RI,ACTIVE / PENDING_INACTIVE / Revocation Notice,9430,369664,2.551,2002.0,2024.0,2025.0,9430.0,1978,2010,2025,,Revocation Notice,
RI,INACTIVE / (none) / Withdrawn,8653,369664,2.341,1973.0,2000.0,2021.0,8653.0,1978,2010,2025,,Withdrawn,
RI,INACTIVE / PENDING_ACTIVE / Name Reservation,8223,369664,2.224,2008.0,2016.0,2024.0,8223.0,1978,2010,2025,,Name Reservation,INACTIVE+PENDING_ACTIVE is a valid combo (filing not yet effective): CONFLICT flag removed
RI,ACTIVE / PENDING_INACTIVE / Revoked Entity,7827,369664,2.117,2004.0,2023.0,2025.0,7827.0,1978,2010,2025,,Revoked Entity,
RI,INACTIVE / (none) / Cancelled,6135,369664,1.66,1989.0,2010.0,2023.0,6134.0,1978,2010,2025,,Cancelled,
RI,INACTIVE / (none) / Revoked Authority,5775,369664,1.562,1971.0,1988.0,1997.0,5774.0,1978,2010,2025,RETIRED: 95% of filings before 1997 (state median 2010),Revoked Authority,
RI,INACTIVE / (none) / Conversion,3288,369664,0.889,1986.0,2011.0,2023.0,3288.0,1978,2010,2025,,Conversion,
RI,INACTIVE / (none) / Merged into an entity of record,3198,369664,0.865,1946.0,1986.0,2012.0,3189.0,1978,2010,2025,,Merged into an entity of record,
RI,INACTIVE / (none) / Expired,2497,369664,0.675,1978.0,2007.0,2019.0,2497.0,1978,2010,2025,,Expired,
RI,INACTIVE / (none) / (none),1327,369664,0.359,1936.0,1993.0,2022.0,1316.0,1978,2010,2025,,(none),
RI,INACTIVE / (none) / Forfeited,648,369664,0.175,1969.0,1981.0,1983.0,648.0,1978,2010,2025,RETIRED: 95% of filings before 1983 (state median 2010),Forfeited,
RI,INACTIVE / (none) / Bankruptcy,468,369664,0.127,1974.0,1999.0,2015.0,468.0,1978,2010,2025,,Bankruptcy,
RI,INACTIVE / PENDING_ACTIVE / Name Registration,324,369664,0.088,2006.0,2011.0,2023.0,324.0,1978,2010,2025,,Name Registration,INACTIVE+PENDING_ACTIVE is a valid combo (filing not yet effective): CONFLICT flag removed
RI,INACTIVE / (none) / Receivership,292,369664,0.079,1957.0,1997.0,2015.0,292.0,1978,2010,2025,,Receivership,
RI,ACTIVE / (none) / Name Reservation,78,369664,0.021,2026.0,2026.0,2026.0,78.0,1978,2010,2025,,Name Reservation,
RI,ACTIVE / (none) / Bankruptcy,55,369664,0.015,1990.0,2014.0,2024.0,55.0,1978,2010,2025,,Bankruptcy,
RI,INACTIVE / (none) / Consolidated,55,369664,0.015,1878.0,1959.0,2001.0,53.0,1978,2010,2025,,Consolidated,
RI,ACTIVE / (none) / Receivership,33,369664,0.009,1967.0,2018.0,2025.0,33.0,1978,2010,2025,RARE: <0.01% of state,Receivership,
RI,ACTIVE / (none) / Revival,17,369664,0.005,2002.0,2021.0,2024.0,17.0,1978,2010,2025,RARE: <0.01% of state,Revival,
RI,ACTIVE / (none) / Name Registration,15,369664,0.004,2014.0,2025.0,2026.0,15.0,1978,2010,2025,RARE: <0.01% of state,Name Registration,
RI,INACTIVE / (none) / Mastership,2,369664,0.001,1959.0,1959.0,1967.0,2.0,1978,2010,2025,RARE: <0.01% of state,Mastership,
RI,INACTIVE / (none) / Revocation Notice,2,369664,0.001,2011.0,2011.0,2023.0,2.0,1978,2010,2025,RARE: <0.01% of state,Revocation Notice,
RI,ACTIVE / (none) / Conversion,1,369664,0.0,2025.0,2025.0,2025.0,1.0,1978,2010,2025,RARE: <0.01% of state,Conversion,
SC,ACTIVE / GOOD_STANDING / Good Standing,1166947,1625309,71.798,1998.0,2020.0,2026.0,1166535.0,1986,2016,2025,,Good Standing,
SC,INACTIVE / DISSOLVED / Dissolved,242149,1625309,14.899,1980.0,2006.0,2023.0,242112.0,1986,2016,2025,,Dissolved,
SC,INACTIVE / (none) / Forfeited,143167,1625309,8.809,1976.0,1994.0,2015.0,143124.0,1986,2016,2025,,Forfeited,
SC,INACTIVE / PENDING_ACTIVE / Reserved,35392,1625309,2.178,2003.0,2009.0,2023.0,35392.0,1986,2016,2025,,Reserved,INACTIVE+PENDING_ACTIVE is a valid combo (filing not yet effective): CONFLICT flag removed
SC,INACTIVE / (none) / No agent,16132,1625309,0.993,2000.0,2018.0,2024.0,16132.0,1986,2016,2025,,No agent,
SC,INACTIVE / (none) / Merged,10949,1625309,0.674,1964.0,1997.0,2018.0,10941.0,1986,2016,2025,,Merged,
SC,INACTIVE / (none) / Expired,6866,1625309,0.422,1996.0,2019.0,2024.0,6866.0,1986,2016,2025,,Expired,
SC,INACTIVE / PENDING_ACTIVE / Registered,3079,1625309,0.189,2003.0,2007.0,2017.0,3079.0,1986,2016,2025,,Registered,INACTIVE+PENDING_ACTIVE is a valid combo (filing not yet effective): CONFLICT flag removed
SC,INACTIVE / (none) / Deleted,245,1625309,0.015,1943.0,1998.0,2023.0,245.0,1986,2016,2025,,Deleted,
SC,ACTIVE / (none) / Reinstated,144,1625309,0.009,1996.0,1997.0,1999.0,144.0,1986,2016,2025,RETIRED: 95% of filings before 1999 (state median 2016); RARE: <0.01% of state,Reinstated,
SC,INACTIVE / (none) / General Partnership Conversion,89,1625309,0.005,2009.0,2020.0,2025.0,89.0,1986,2016,2025,RARE: <0.01% of state,General Partnership Conversion,
SC,ACTIVE / PENDING_INACTIVE / Intent,79,1625309,0.005,1953.0,1976.0,1983.0,79.0,1986,2016,2025,RARE: <0.01% of state,Intent,
SC,UNKNOWN / (none) / (none),71,1625309,0.004,2024.0,2026.0,2026.0,71.0,1986,2016,2025,RARE: <0.01% of state,(none),
SD,ACTIVE / GOOD_STANDING / Good Standing,132459,291539,45.434,1988.0,2020.0,2026.0,132440.0,1980,2014,2025,,Good Standing,
SD,INACTIVE / DISSOLVED / Dissolved (Administrative),69675,291539,23.899,1980.0,2014.0,2024.0,69657.0,1980,2014,2025,,Dissolved (Administrative),
SD,INACTIVE / (none) / Inactive,65769,291539,22.559,1973.0,2002.0,2022.0,65769.0,1980,2014,2025,,Inactive,
SD,INACTIVE / (none) / Revoked (Administrative),20461,291539,7.018,1980.0,2001.0,2022.0,20461.0,1980,2014,2025,,Revoked (Administrative),
SD,ACTIVE / NOT_GOOD_STANDING / Delinquent,3175,291539,1.089,2002.0,2023.0,2025.0,3163.0,1980,2014,2025,,Delinquent,
TN,INACTIVE / DISSOLVED / Inactive - Dissolved (Administrative),488980,1424662,34.323,1980.0,2009.0,2022.0,488980.0,1978,2014,2025,,Inactive - Dissolved (Administrative),"stale GOOD_STANDING on INACTIVE entity: sub_status -> DISSOLVED if details say dissolved, else none"
TN,ACTIVE / GOOD_STANDING / Active,440946,1424662,30.951,1993.0,2021.0,2026.0,440946.0,1978,2014,2025,,Active,
TN,INACTIVE / (none) / Inactive - Terminated,134157,1424662,9.417,1972.0,2004.0,2022.0,134157.0,1978,2014,2025,,Inactive - Terminated,"stale GOOD_STANDING on INACTIVE entity: sub_status -> DISSOLVED if details say dissolved, else none"
TN,INACTIVE / NOT_GOOD_STANDING / Inactive - Dissolved (Administrative),101671,1424662,7.136,2008.0,2024.0,2025.0,101671.0,1978,2014,2025,,Inactive - Dissolved (Administrative),
TN,INACTIVE / (none) / Inactive - Revoked (Revenue),70200,1424662,4.927,1958.0,1983.0,2012.0,70200.0,1978,2014,2025,,Inactive - Revoked (Revenue),"stale GOOD_STANDING on INACTIVE entity: sub_status -> DISSOLVED if details say dissolved, else none"
TN,INACTIVE / (none) / Inactive - Revoked (Administrative),58814,1424662,4.128,1980.0,2005.0,2022.0,58814.0,1978,2014,2025,,Inactive - Revoked (Administrative),"stale GOOD_STANDING on INACTIVE entity: sub_status -> DISSOLVED if details say dissolved, else none"
TN,INACTIVE / (none) / Inactive - Withdrawn,26308,1424662,1.847,1969.0,1995.0,2019.0,26308.0,1978,2014,2025,,Inactive - Withdrawn,"stale GOOD_STANDING on INACTIVE entity: sub_status -> DISSOLVED if details say dissolved, else none"
TN,ACTIVE / NOT_GOOD_STANDING / Active,24465,1424662,1.717,1996.0,2017.0,2023.0,24465.0,1978,2014,2025,,Active,
TN,INACTIVE / (none) / Inactive - Merged,21513,1424662,1.51,1959.0,1994.0,2015.0,21513.0,1978,2014,2025,,Inactive - Merged,"stale GOOD_STANDING on INACTIVE entity: sub_status -> DISSOLVED if details say dissolved, else none"
TN,INACTIVE / (none) / Inactive - Cancelled,20519,1424662,1.44,1992.0,2007.0,2022.0,20519.0,1978,2014,2025,,Inactive - Cancelled,"stale GOOD_STANDING on INACTIVE entity: sub_status -> DISSOLVED if details say dissolved, else none"
TN,INACTIVE / NOT_GOOD_STANDING / Inactive - Revoked (Administrative),10731,1424662,0.753,2006.0,2022.0,2025.0,10731.0,1978,2014,2025,,Inactive - Revoked (Administrative),
TN,INACTIVE / (none) / Inactive - Expired,7007,1424662,0.492,1996.0,2013.0,2019.0,7007.0,1978,2014,2025,,Inactive - Expired,"stale GOOD_STANDING on INACTIVE entity: sub_status -> DISSOLVED if details say dissolved, else none"
TN,INACTIVE / NOT_GOOD_STANDING / Inactive - Terminated,5749,1424662,0.404,1999.0,2022.0,2025.0,5749.0,1978,2014,2025,,Inactive - Terminated,
TN,ACTIVE / PENDING_INACTIVE / Active - Dissolved,4045,1424662,0.284,1994.0,2017.0,2025.0,4045.0,1978,2014,2025,,Active - Dissolved,ACTIVE with dissolved wording -> sub_status PENDING_INACTIVE (winding up)
TN,INACTIVE / (none) / Inactive - Revoked (Labor & Workforce Dept),3822,1424662,0.268,1991.0,2011.0,2021.0,3822.0,1978,2014,2025,,Inactive - Revoked (Labor & Workforce Dept),"stale GOOD_STANDING on INACTIVE entity: sub_status -> DISSOLVED if details say dissolved, else none"
TN,INACTIVE / (none) / Inactive - Converted,1123,1424662,0.079,1988.0,2015.0,2025.0,1123.0,1978,2014,2025,,Inactive - Converted,"stale GOOD_STANDING on INACTIVE entity: sub_status -> DISSOLVED if details say dissolved, else none"
TN,INACTIVE / (none) / (none),968,1424662,0.068,2019.0,2019.0,2019.0,968.0,1978,2014,2025,,(none),
TN,INACTIVE / DISSOLVED / Inactive - Dissolved (No Agent),785,1424662,0.055,1997.0,2019.0,2023.0,785.0,1978,2014,2025,,Inactive - Dissolved (No Agent),"stale GOOD_STANDING on INACTIVE entity: sub_status -> DISSOLVED if details say dissolved, else none"
TN,INACTIVE / (none) / Inactive - Revoked (No Agent),483,1424662,0.034,2000.0,2014.0,2022.0,483.0,1978,2014,2025,,Inactive - Revoked (No Agent),"stale GOOD_STANDING on INACTIVE entity: sub_status -> DISSOLVED if details say dissolved, else none"
TN,ACTIVE / PENDING_INACTIVE / Active - Suspended,479,1424662,0.034,1989.0,1999.0,2014.0,479.0,1978,2014,2025,,Active - Suspended,
TN,INACTIVE / NOT_GOOD_STANDING / Inactive - Cancelled,435,1424662,0.031,2007.0,2021.0,2024.0,435.0,1978,2014,2025,,Inactive - Cancelled,
TN,INACTIVE / NOT_GOOD_STANDING / Inactive - Withdrawn,338,1424662,0.024,1996.0,2018.0,2024.0,338.0,1978,2014,2025,,Inactive - Withdrawn,
TN,INACTIVE / NOT_GOOD_STANDING / Inactive - Revoked (Labor & Workforce Dept),304,1424662,0.021,2002.0,2020.0,2024.0,304.0,1978,2014,2025,,Inactive - Revoked (Labor & Workforce Dept),
TN,INACTIVE / (none) / Inactive - Void Filing Error,241,1424662,0.017,2025.0,2026.0,2026.0,241.0,1978,2014,2025,NEW: 95% of filings after 2025,Inactive - Void Filing Error,"stale GOOD_STANDING on INACTIVE entity: sub_status -> DISSOLVED if details say dissolved, else none"
TN,ACTIVE / (none) / (none),213,1424662,0.015,2019.0,2019.0,2020.0,213.0,1978,2014,2025,,(none),
TN,INACTIVE / (none) / Inactive - FI Null and Void,169,1424662,0.012,1889.0,1916.0,1976.0,169.0,1978,2014,2025,RETIRED: 95% of filings before 1976 (state median 2014),Inactive - FI Null and Void,
TN,INACTIVE / DISSOLVED / Inactive - Dissolved (Judicial),67,1424662,0.005,1954.0,1998.0,2008.0,67.0,1978,2014,2025,RARE: <0.01% of state,Inactive - Dissolved (Judicial),
TN,INACTIVE / NOT_GOOD_STANDING / Inactive - Void Filing Error,22,1424662,0.002,2023.0,2024.0,2025.0,22.0,1978,2014,2025,RARE: <0.01% of state,Inactive - Void Filing Error,
TN,INACTIVE / NOT_GOOD_STANDING / Inactive - Revoked (No Agent),21,1424662,0.001,2014.0,2023.0,2024.0,21.0,1978,2014,2025,RARE: <0.01% of state,Inactive - Revoked (No Agent),
TN,INACTIVE / NOT_GOOD_STANDING / Inactive - Expired,20,1424662,0.001,1989.0,2019.0,2023.0,20.0,1978,2014,2025,RARE: <0.01% of state,Inactive - Expired,
TN,INACTIVE / NOT_GOOD_STANDING / Inactive - Dissolved (No Agent),19,1424662,0.001,2000.0,2020.0,2024.0,19.0,1978,2014,2025,RARE: <0.01% of state,Inactive - Dissolved (No Agent),
TN,INACTIVE / NOT_GOOD_STANDING / Inactive - Merged,17,1424662,0.001,1943.0,2019.0,2025.0,17.0,1978,2014,2025,RARE: <0.01% of state,Inactive - Merged,
TN,INACTIVE / NOT_GOOD_STANDING / Inactive - Revoked (Revenue),15,1424662,0.001,1948.0,2004.0,2013.0,15.0,1978,2014,2025,RARE: <0.01% of state,Inactive - Revoked (Revenue),
TN,INACTIVE / NOT_GOOD_STANDING / Inactive - Converted,5,1424662,0.0,2000.0,2015.0,2020.0,5.0,1978,2014,2025,RARE: <0.01% of state,Inactive - Converted,
TN,ACTIVE / GOOD_STANDING / Active - Suspended,3,1424662,0.0,1989.0,1993.0,1998.0,3.0,1978,2014,2025,RARE: <0.01% of state,Active - Suspended,
TN,INACTIVE / (none) / Inactive - Bank,2,1424662,0.0,1917.0,1917.0,1919.0,2.0,1978,2014,2025,RARE: <0.01% of state,Inactive - Bank,
TN,INACTIVE / NOT_GOOD_STANDING / Inactive - Dissolved (Judicial),2,1424662,0.0,2021.0,2021.0,2022.0,2.0,1978,2014,2025,RARE: <0.01% of state,Inactive - Dissolved (Judicial),
TN,INACTIVE / (none) / Deleted,2,1424662,0.0,2025.0,2025.0,2025.0,2.0,1978,2014,2025,RARE: <0.01% of state,Deleted,"stale GOOD_STANDING on INACTIVE entity: sub_status -> DISSOLVED if details say dissolved, else none"
TN,ACTIVE / (none) / Active,1,1424662,0.0,2018.0,2018.0,2018.0,1.0,1978,2014,2025,RARE: <0.01% of state,Active,
TN,INACTIVE / NOT_GOOD_STANDING / Cancelled,1,1424662,0.0,2021.0,2021.0,2021.0,1.0,1978,2014,2025,RARE: <0.01% of state,Cancelled,
TX,ACTIVE / GOOD_STANDING / IN EXISTENCE,3341465,8028989,41.618,1998.0,2021.0,2026.0,3341449.0,1975,2015,2025,,IN EXISTENCE,
TX,INACTIVE / (none) / FORFEITED EXISTENCE,2756385,8028989,34.33,1973.0,2011.0,2023.0,2756375.0,1975,2015,2025,,FORFEITED EXISTENCE,
TX,INACTIVE / DISSOLVED / VOLUNTARILY DISSOLVED,1002804,8028989,12.49,1954.0,2006.0,2022.0,1002801.0,1975,2015,2025,,VOLUNTARILY DISSOLVED,
TX,INACTIVE / (none) / EXPIRED,300682,8028989,3.745,1924.0,2013.0,2025.0,300681.0,1975,2015,2025,,EXPIRED,
TX,INACTIVE / DISSOLVED / INVOLUNTARILY DISSOLVED,215678,8028989,2.686,1949.0,1997.0,2025.0,215678.0,1975,2015,2025,,INVOLUNTARILY DISSOLVED,
TX,INACTIVE / (none) / CANCELLED,118977,8028989,1.482,1978.0,2002.0,2016.0,118977.0,1975,2015,2025,,CANCELLED,
TX,INACTIVE / (none) / WITHDRAWN,91888,8028989,1.144,1939.0,1999.0,2021.0,91888.0,1975,2015,2025,,WITHDRAWN,
TX,INACTIVE / (none) / TERMINATED,65960,8028989,0.822,1976.0,2005.0,2021.0,65960.0,1975,2015,2025,,TERMINATED,
TX,INACTIVE / (none) / MERGED,65924,8028989,0.821,1955.0,1987.0,2015.0,65924.0,1975,2015,2025,,MERGED,
TX,INACTIVE / (none) / CONVERTED,35538,8028989,0.443,1979.0,2003.0,2022.0,35538.0,1975,2015,2025,,CONVERTED,
TX,INACTIVE / (none) / REVOKED,13294,8028989,0.166,1978.0,2008.0,2023.0,13294.0,1975,2015,2025,,REVOKED,
TX,INACTIVE / DISSOLVED / JUDICIALLY DISSOLVED,6765,8028989,0.084,1931.0,1956.0,1965.0,6765.0,1975,2015,2025,RETIRED: 95% of filings before 1965 (state median 2015),JUDICIALLY DISSOLVED,
TX,INACTIVE / (none) / DELETED,5967,8028989,0.074,2002.0,2007.0,2015.0,5967.0,1975,2015,2025,,DELETED,
TX,ACTIVE / (none) / RA NOTICE SENT,2541,8028989,0.032,2004.0,2021.0,2025.0,2541.0,1975,2015,2025,,RA NOTICE SENT,
TX,INACTIVE / (none) / (none),2341,8028989,0.029,1996.0,2016.0,2024.0,2341.0,1975,2015,2025,,(none),
TX,ACTIVE / NOT_GOOD_STANDING / DELINQUENT,1148,8028989,0.014,2004.0,2022.0,2025.0,1148.0,1975,2015,2025,,DELINQUENT,
TX,INACTIVE / (none) / CONSOLIDATED,618,8028989,0.008,1936.0,1966.0,1986.0,618.0,1975,2015,2025,RETIRED: 95% of filings before 1986 (state median 2015); RARE: <0.01% of state,CONSOLIDATED,
TX,INACTIVE / (none) / LAW REPEATED,478,8028989,0.006,1906.0,1954.0,1997.0,478.0,1975,2015,2025,RETIRED: 95% of filings before 1997 (state median 2015); RARE: <0.01% of state,LAW REPEATED,
TX,UNKNOWN / (none) / (none),344,8028989,0.004,2019.0,2022.0,2022.0,342.0,1975,2015,2025,RARE: <0.01% of state,(none),
TX,ACTIVE / (none) / REPORT DUE,156,8028989,0.002,1938.0,2019.0,2019.0,156.0,1975,2015,2025,RARE: <0.01% of state,REPORT DUE,
TX,ACTIVE / (none) / FORFEITED RIGHTS,32,8028989,0.0,1985.0,1997.0,2021.0,32.0,1975,2015,2025,RARE: <0.01% of state,FORFEITED RIGHTS,
TX,INACTIVE / (none) / STRICKEN,4,8028989,0.0,1996.0,2001.0,2003.0,4.0,1975,2015,2025,RARE: <0.01% of state,STRICKEN,
UT,INACTIVE / (none) / Inactive,934508,1550618,60.267,1983.0,2010.0,2023.0,934508.0,1986,2015,2025,,Inactive,
UT,ACTIVE / (none) / Active,446689,1550618,28.807,2000.0,2022.0,2026.0,446689.0,1986,2015,2025,,Active,
UT,ACTIVE / NOT_GOOD_STANDING / Delinquent,132664,1550618,8.556,2003.0,2022.0,2025.0,132664.0,1986,2015,2025,,Delinquent,
UT,INACTIVE / (none) / Expired,36012,1550618,2.322,1978.0,2001.0,2020.0,36012.0,1986,2015,2025,,Expired,
UT,INACTIVE / (none) / Pending,612,1550618,0.039,2025.0,2025.0,2026.0,612.0,1986,2015,2025,,Pending,
UT,INACTIVE / (none) / Cancelled,87,1550618,0.006,1990.0,2008.0,2025.0,87.0,1986,2015,2025,RARE: <0.01% of state,Cancelled,
UT,INACTIVE / (none) / Required Filing Hold,14,1550618,0.001,2025.0,2026.0,2026.0,14.0,1986,2015,2025,RARE: <0.01% of state,Required Filing Hold,
UT,INACTIVE / (none) / Withdrawn,9,1550618,0.001,2001.0,2020.0,2024.0,9.0,1986,2015,2025,RARE: <0.01% of state,Withdrawn,
UT,INACTIVE / (none) / Deleted,5,1550618,0.0,2018.0,2025.0,2026.0,5.0,1986,2015,2025,RARE: <0.01% of state,Deleted,
UT,INACTIVE / (none) / Transferred,5,1550618,0.0,2000.0,2011.0,2017.0,5.0,1986,2015,2025,RARE: <0.01% of state,Transferred,
UT,INACTIVE / (none) / Administrative Hold,3,1550618,0.0,2019.0,2021.0,2021.0,3.0,1986,2015,2025,RARE: <0.01% of state,Administrative Hold,
UT,INACTIVE / (none) / Void,3,1550618,0.0,2023.0,2024.0,2025.0,3.0,1986,2015,2025,RARE: <0.01% of state,Void,
UT,INACTIVE / (none) / Application Cancelled,2,1550618,0.0,2024.0,2024.0,2024.0,2.0,1986,2015,2025,RARE: <0.01% of state,Application Cancelled,
UT,ACTIVE / (none) / Emeritus Registration,1,1550618,0.0,2021.0,2021.0,2021.0,1.0,1986,2015,2025,RARE: <0.01% of state,Emeritus Registration,
UT,INACTIVE / (none) / (none),1,1550618,0.0,2001.0,2001.0,2001.0,1.0,1986,2015,2025,RARE: <0.01% of state,(none),
UT,INACTIVE / (none) / Declined,1,1550618,0.0,2008.0,2008.0,2008.0,1.0,1986,2015,2025,RARE: <0.01% of state,Declined,
UT,INACTIVE / (none) / Expired Limited,1,1550618,0.0,2012.0,2012.0,2012.0,1.0,1986,2015,2025,RARE: <0.01% of state,Expired Limited,
UT,INACTIVE / (none) / Null and Void,1,1550618,0.0,2019.0,2019.0,2019.0,1.0,1986,2015,2025,RARE: <0.01% of state,Null and Void,
VA,INACTIVE / (none) / INACTIVE,1121662,2049454,54.73,1997.0,2016.0,2024.0,1121567.0,1997,2018,2026,,INACTIVE,
VA,ACTIVE / GOOD_STANDING / ACTIVE,879672,2049454,42.922,1996.0,2021.0,2026.0,879670.0,1997,2018,2026,,ACTIVE,
VA,ACTIVE / PENDING_INACTIVE / PENDINACT,47788,2049454,2.332,1999.0,2023.0,2025.0,47788.0,1997,2018,2026,,PENDINACT,
VA,ACTIVE / (none) / ACTIVE,304,2049454,0.015,1987.0,2001.0,2024.0,304.0,1997,2018,2026,,ACTIVE,
VA,ACTIVE / (none) / (none),26,2049454,0.001,2019.0,2020.0,2021.0,26.0,1997,2018,2026,RARE: <0.01% of state,(none),
VA,UNKNOWN / (none) / (none),2,2049454,0.0,2020.0,2020.0,2020.0,2.0,1997,2018,2026,RARE: <0.01% of state,(none),
VT,ACTIVE / GOOD_STANDING / Active - In Good Standing,93030,263712,35.277,1989.0,2020.0,2026.0,93024.0,1981,2012,2025,,Active - In Good Standing,
VT,INACTIVE / (none) / Inactive - Administratively Terminated,73230,263712,27.769,1978.0,2002.0,2020.0,73185.0,1981,2012,2025,,Inactive - Administratively Terminated,
VT,ACTIVE / NOT_GOOD_STANDING / Active - NOT In Good Standing,33192,263712,12.586,2000.0,2021.0,2025.0,33191.0,1981,2012,2025,,Active - NOT In Good Standing,
VT,INACTIVE / (none) / Inactive,18525,263712,7.025,1979.0,2003.0,2020.0,18520.0,1981,2012,2025,,Inactive,
VT,INACTIVE / DISSOLVED / Dissolved,18398,263712,6.977,1969.0,1992.0,2015.0,18371.0,1981,2012,2025,,Dissolved,
VT,INACTIVE / (none) / Terminated,15881,263712,6.022,2001.0,2013.0,2024.0,15878.0,1981,2012,2025,,Terminated,
VT,INACTIVE / (none) / Inactive - Administratively Revoked,3390,263712,1.285,1999.0,2010.0,2020.0,3390.0,1981,2012,2025,,Inactive - Administratively Revoked,
VT,INACTIVE / DISSOLVED / Inactive - Administratively Dissolved,2442,263712,0.926,1957.0,2015.0,2024.0,2441.0,1981,2012,2025,,Inactive - Administratively Dissolved,
VT,ACTIVE / (none) / Active,1731,263712,0.656,1999.0,2012.0,2024.0,1730.0,1981,2012,2025,,Active,
VT,INACTIVE / (none) / Cancelled,1192,263712,0.452,2000.0,2017.0,2025.0,1192.0,1981,2012,2025,,Cancelled,
VT,INACTIVE / (none) / Withdrawn,873,263712,0.331,1994.0,2019.0,2025.0,873.0,1981,2012,2025,,Withdrawn,
VT,INACTIVE / DISSOLVED / Inactive - Dissolved,501,263712,0.19,1977.0,2008.0,2025.0,501.0,1981,2012,2025,,Inactive - Dissolved,
VT,INACTIVE / (none) / Inactive - Merged,385,263712,0.146,1962.0,2004.0,2021.0,384.0,1981,2012,2025,,Inactive - Merged,
VT,INACTIVE / (none) / Expired,301,263712,0.114,2000.0,2015.0,2018.0,301.0,1981,2012,2025,,Expired,
VT,INACTIVE / (none) / Inactive - Converted,234,263712,0.089,1984.0,2014.0,2022.0,234.0,1981,2012,2025,,Inactive - Converted,
VT,INACTIVE / (none) / Inactive - Domesticated,161,263712,0.061,1994.0,2018.0,2023.0,161.0,1981,2012,2025,,Inactive - Domesticated,
VT,INACTIVE / (none) / Revoked,93,263712,0.035,2022.0,2023.0,2024.0,93.0,1981,2012,2025,,Revoked,
VT,INACTIVE / (none) / Inactive - Non-Sufficient Funds,51,263712,0.019,2025.0,2025.0,2025.0,51.0,1981,2012,2025,,Inactive - Non-Sufficient Funds,
VT,ACTIVE / (none) / Converted,42,263712,0.016,2000.0,2016.0,2023.0,42.0,1981,2012,2025,,Converted,
VT,INACTIVE / (none) / Inactive - Redomisticated,29,263712,0.011,1986.0,2002.0,2020.0,29.0,1981,2012,2025,,Inactive - Redomisticated,
VT,ACTIVE / (none) / Merged,16,263712,0.006,1996.0,2001.0,2016.0,16.0,1981,2012,2025,RARE: <0.01% of state,Merged,
VT,ACTIVE / (none) / Active - Hold,5,263712,0.002,2026.0,2026.0,2026.0,1.0,1981,2012,2025,RARE: <0.01% of state,Active - Hold,
VT,INACTIVE / (none) / Inactive - Withdrawn,3,263712,0.001,2005.0,2009.0,2017.0,3.0,1981,2012,2025,RARE: <0.01% of state,Inactive - Withdrawn,
VT,INACTIVE / (none) / Inactive - Judicially Terminated,2,263712,0.001,2016.0,2016.0,2017.0,2.0,1981,2012,2025,RARE: <0.01% of state,Inactive - Judicially Terminated,
VT,ACTIVE / GOOD_STANDING / Active - In Good Standing - Pending Domestication,1,263712,0.0,2020.0,2020.0,2020.0,1.0,1981,2012,2025,RARE: <0.01% of state,Active - In Good Standing - Pending Domestication,
VT,ACTIVE / PENDING_INACTIVE / Pending Withdrawal,1,263712,0.0,2025.0,2025.0,2025.0,1.0,1981,2012,2025,RARE: <0.01% of state,Pending Withdrawal,status UNKNOWN->ACTIVE (pending inactivation)
VT,UNKNOWN / (none) / Filed in error,1,263712,0.0,2022.0,2022.0,2022.0,1.0,1981,2012,2025,RARE: <0.01% of state,Filed in error,
VT,INACTIVE / (none) / Inactive - Expired,1,263712,0.0,2024.0,2024.0,2024.0,1.0,1981,2012,2025,RARE: <0.01% of state,Inactive - Expired,
VT,UNKNOWN / (none) / (none),1,263712,0.0,,,,0.0,1981,2012,2025,RARE: <0.01% of state,(none),
WA,INACTIVE / DISSOLVED / (none),753811,2019844,37.32,1999.0,2016.0,2024.0,753811.0,1992,2015,2025,,(none),
WA,ACTIVE / GOOD_STANDING / (none),749547,2019844,37.109,1995.0,2021.0,2026.0,749547.0,1992,2015,2025,,(none),
WA,INACTIVE / (none) / (none),475073,2019844,23.52,1985.0,2003.0,2020.0,475073.0,1992,2015,2025,,(none),
WA,ACTIVE / NOT_GOOD_STANDING / (none),39625,2019844,1.962,2003.0,2023.0,2025.0,39625.0,1992,2015,2025,,(none),
WA,UNKNOWN / (none) / (none),1390,2019844,0.069,1997.0,2016.0,2023.0,1390.0,1992,2015,2025,,(none),
WA,ACTIVE / (none) / (none),331,2019844,0.016,2010.0,2021.0,2022.0,330.0,1992,2015,2025,,(none),
WA,ACTIVE / PENDING_ACTIVE / (none),67,2019844,0.003,2026.0,2026.0,2026.0,67.0,1992,2015,2025,RARE: <0.01% of state,(none),
WI,INACTIVE / DISSOLVED / Administratively Dissolved,522821,1540024,33.949,1984.0,2009.0,2022.0,522821.0,1976,2013,2025,,Administratively Dissolved,
WI,ACTIVE / (none) / Organized,257519,1540024,16.722,2007.0,2024.0,2026.0,257519.0,1976,2013,2025,,Organized,
WI,ACTIVE / GOOD_STANDING / Restored to Good Standing,233879,1540024,15.187,1981.0,2015.0,2023.0,233879.0,1976,2013,2025,,Restored to Good Standing,
WI,INACTIVE / DISSOLVED / Dissolved,217828,1540024,14.144,1968.0,2004.0,2022.0,217828.0,1976,2013,2025,,Dissolved,
WI,ACTIVE / NOT_GOOD_STANDING / Delinquent,61456,1540024,3.991,1996.0,2021.0,2024.0,61456.0,1976,2013,2025,,Delinquent,
WI,ACTIVE / GOOD_STANDING / Incorporated/Qualified/Registered,58910,1540024,3.825,1961.0,2018.0,2026.0,58910.0,1976,2013,2025,,Incorporated/Qualified/Registered,
WI,INACTIVE / (none) / Certificate of Authority Revoked,52762,1540024,3.426,1975.0,2004.0,2022.0,52762.0,1976,2013,2025,,Certificate of Authority Revoked,
WI,INACTIVE / DISSOLVED / Involuntarily Dissolved,38791,1540024,2.519,1956.0,1976.0,1983.0,38791.0,1976,2013,2025,RETIRED: 95% of filings before 1983 (state median 2013),Involuntarily Dissolved,
WI,INACTIVE / (none) / Withdrawal,34704,1540024,2.253,1975.0,2004.0,2022.0,34704.0,1976,2013,2025,,Withdrawal,
WI,INACTIVE / PENDING_ACTIVE / Registered,29765,1540024,1.933,2006.0,2022.0,2026.0,29765.0,1976,2013,2025,,Registered,INACTIVE+PENDING_ACTIVE is a valid combo (filing not yet effective): CONFLICT flag removed
WI,INACTIVE / (none) / Merged – Non-survivor,14161,1540024,0.92,1948.0,1985.0,2014.0,14161.0,1976,2013,2025,,Merged – Non-survivor,
WI,INACTIVE / (none) / Terminated Fgn Registered Name,13085,1540024,0.85,2000.0,2020.0,2025.0,13085.0,1976,2013,2025,,Terminated Fgn Registered Name,
WI,INACTIVE / (none) / Certificate of Cancellation,3494,1540024,0.227,1985.0,1995.0,2010.0,3494.0,1976,2013,2025,,Certificate of Cancellation,
WI,ACTIVE / NOT_GOOD_STANDING / In Bad Standing,350,1540024,0.023,1927.0,1999.0,2023.0,350.0,1976,2013,2025,,In Bad Standing,
WI,INACTIVE / DISSOLVED / Dissolved – Name Protected,343,1540024,0.022,1972.0,2014.0,2026.0,343.0,1976,2013,2025,,Dissolved – Name Protected,
WI,INACTIVE / (none) / Consolidated – Non-survivor,156,1540024,0.01,1912.0,1968.0,1986.0,156.0,1976,2013,2025,RETIRED: 95% of filings before 1986 (state median 2013),Consolidated – Non-survivor,
WV,ACTIVE / (none) / (none),276554,610800,45.277,1988.0,2016.0,2026.0,276552.0,1953,2008,2025,,(none),
WV,INACTIVE / NOT_GOOD_STANDING / Revoked (Failure to File Annual Report),130660,610800,21.392,1968.0,2006.0,2021.0,130659.0,1953,2008,2025,,Revoked (Failure to File Annual Report),
WV,INACTIVE / DISSOLVED / Dissolution by Court Order,44532,610800,7.291,1928.0,1975.0,1989.0,44532.0,1953,2008,2025,RETIRED: 95% of filings before 1989 (state median 2008),Dissolution by Court Order,
WV,INACTIVE / DISSOLVED / Voluntary Dissolution (Domestic),42187,610800,6.907,1923.0,1981.0,2008.0,42187.0,1953,2008,2025,,Voluntary Dissolution (Domestic),
WV,INACTIVE / (none) / LLC Termination (Domestic),34567,610800,5.659,2000.0,2013.0,2024.0,34567.0,1953,2008,2025,,LLC Termination (Domestic),
WV,INACTIVE / (none) / Withdrawal (Foreign),22071,610800,3.613,1940.0,1993.0,2014.0,22071.0,1953,2008,2025,,Withdrawal (Foreign),
WV,INACTIVE / (none) / Name Change (Reserved for old records),15454,610800,2.53,1912.0,1972.0,1995.0,15452.0,1953,2008,2025,RETIRED: 95% of filings before 1995 (state median 2008),Name Change (Reserved for old records),
WV,INACTIVE / (none) / LLC Cancellation (Foreign),11943,610800,1.955,1997.0,2011.0,2023.0,11943.0,1953,2008,2025,,LLC Cancellation (Foreign),
WV,INACTIVE / (none) / Merger,11546,610800,1.89,1932.0,1986.0,2014.0,11546.0,1953,2008,2025,,Merger,
WV,INACTIVE / PENDING_INACTIVE / Pending,11352,610800,1.859,1978.0,2005.0,2022.0,11352.0,1953,2008,2025,,Pending,
WV,INACTIVE / (none) / Other,3429,610800,0.561,1967.0,1987.0,2022.0,3429.0,1953,2008,2025,,Other,
WV,ACTIVE / (none) / LLC Termination (Future Term),2897,610800,0.474,1996.0,2009.0,2025.0,2897.0,1953,2008,2025,,LLC Termination (Future Term),
WV,INACTIVE / (none) / LLC Termination (Future Term),1868,610800,0.306,1993.0,2001.0,2021.0,1868.0,1953,2008,2025,,LLC Termination (Future Term),
WV,INACTIVE / (none) / Bankruptcy,533,610800,0.087,1965.0,1988.0,2002.0,533.0,1953,2008,2025,,Bankruptcy,
WV,INACTIVE / (none) / (none),451,610800,0.074,1976.0,1997.0,2017.0,451.0,1953,2008,2025,,(none),
WV,INACTIVE / (none) / Not Processed,433,610800,0.071,2008.0,2015.0,2020.0,433.0,1953,2008,2025,,Not Processed,
WV,INACTIVE / (none) / LLP Termination,126,610800,0.021,1998.0,2020.0,2024.0,126.0,1953,2008,2025,,LLP Termination,
WV,INACTIVE / (none) / LP Cancellation,49,610800,0.008,1979.0,2008.0,2023.0,49.0,1953,2008,2025,RARE: <0.01% of state,LP Cancellation,
WV,ACTIVE / (none) / LLP Termination,47,610800,0.008,2017.0,2024.0,2026.0,47.0,1953,2008,2025,RARE: <0.01% of state,LLP Termination,
WV,INACTIVE / (none) / Material Misrepresentation,47,610800,0.008,2023.0,2025.0,2026.0,47.0,1953,2008,2025,RARE: <0.01% of state,Material Misrepresentation,
WV,INACTIVE / (none) / Dissolution,26,610800,0.004,2023.0,2025.0,2026.0,26.0,1953,2008,2025,RARE: <0.01% of state,Dissolution,
WV,ACTIVE / (none) / Material Misrepresentation,10,610800,0.002,2026.0,2026.0,2026.0,10.0,1953,2008,2025,RARE: <0.01% of state,Material Misrepresentation,
WV,ACTIVE / (none) / Other,5,610800,0.001,1997.0,2024.0,2024.0,5.0,1953,2008,2025,RARE: <0.01% of state,Other,
WV,ACTIVE / NOT_GOOD_STANDING / Revoked (Failure to File Annual Report),5,610800,0.001,2016.0,2022.0,2025.0,5.0,1953,2008,2025,RARE: <0.01% of state,Revoked (Failure to File Annual Report),
WV,ACTIVE / (none) / LLC Termination (Domestic),4,610800,0.001,2021.0,2021.0,2022.0,4.0,1953,2008,2025,RARE: <0.01% of state,LLC Termination (Domestic),
WV,ACTIVE / PENDING_INACTIVE / Pending,3,610800,0.0,1980.0,2005.0,2007.0,3.0,1953,2008,2025,RARE: <0.01% of state,Pending,
WV,INACTIVE / (none) / Fictitious Name Termination,1,610800,0.0,2009.0,2009.0,2009.0,1.0,1953,2008,2025,RARE: <0.01% of state,Fictitious Name Termination,
WY,ACTIVE / GOOD_STANDING / ACTIVE,741320,1291297,57.409,2013.0,2025.0,2026.0,741320.0,2013,2023,2026,,ACTIVE,
WY,INACTIVE / (none) / INACTIVE,520800,1291297,40.332,2014.0,2022.0,2025.0,520800.0,2013,2023,2026,,INACTIVE,"WY assumed-inactive override (entity dropped from bulk feed >30d): sub_status cleared, status_details ACTIVE->INACTIVE"
WY,ACTIVE / PENDING_INACTIVE / ACTIVE,29177,1291297,2.26,2018.0,2025.0,2025.0,29177.0,2013,2023,2026,,ACTIVE,
